Datetime,index,Open,High,Low,Close,Volume
2025-06-02 19:30:00-04:00,0,105801.1,105828.5,105728.1,105745.5,186.95
2025-06-02 19:15:00-04:00,1,105712.2,105876.0,105621.5,105801.0,1925.574
2025-06-02 19:00:00-04:00,2,105650.0,105750.0,105517.1,105712.1,1626.613
2025-06-02 18:45:00-04:00,3,105473.5,105672.4,105461.3,105649.9,1133.141
2025-06-02 18:30:00-04:00,4,105719.1,105737.1,105428.9,105473.6,2102.529
2025-06-02 18:15:00-04:00,5,105177.0,105769.0,105139.9,105719.1,6371.099
2025-06-02 18:00:00-04:00,6,104886.2,105191.3,104878.1,105177.1,1990.909
2025-06-02 17:45:00-04:00,7,104640.4,104886.2,104636.6,104886.1,407.069
2025-06-02 17:30:00-04:00,8,104745.4,104752.6,104523.5,104640.4,772.139
2025-06-02 17:15:00-04:00,9,104934.8,104947.6,104687.9,104745.4,578.451
2025-06-02 17:00:00-04:00,10,104829.2,105068.0,104815.8,104934.9,1701.602
2025-06-02 16:45:00-04:00,11,104750.8,104863.3,104603.0,104829.2,871.264
2025-06-02 16:30:00-04:00,12,104774.1,104819.2,104650.0,104750.8,682.099
2025-06-02 16:15:00-04:00,13,104857.1,104962.7,104700.0,104774.0,1752.708
2025-06-02 16:00:00-04:00,14,104366.5,104894.0,104366.5,104857.1,2665.404
2025-06-02 15:45:00-04:00,15,104074.0,104403.8,103994.1,104366.4,1032.787
2025-06-02 15:30:00-04:00,16,104335.4,104346.6,103984.2,104074.1,1021.504
2025-06-02 15:15:00-04:00,17,104198.0,104422.0,104192.0,104335.4,538.566
2025-06-02 15:00:00-04:00,18,104308.7,104460.8,104192.9,104198.0,715.305
2025-06-02 14:45:00-04:00,19,104335.1,104356.3,104142.8,104308.8,980.182
2025-06-02 14:30:00-04:00,20,104557.9,104580.9,104250.0,104335.1,1651.791
2025-06-02 14:15:00-04:00,21,104349.3,104699.4,104304.0,104557.9,1711.137
2025-06-02 14:00:00-04:00,22,104345.6,104428.0,104277.3,104349.3,922.662
2025-06-02 13:45:00-04:00,23,104142.1,104390.5,104109.3,104345.6,565.18
2025-06-02 13:30:00-04:00,24,104359.9,104429.5,104103.0,104142.1,831.969
2025-06-02 13:15:00-04:00,25,104066.6,104451.1,104043.4,104360.0,1039.038
2025-06-02 13:00:00-04:00,26,104234.7,104327.0,104029.9,104066.6,1097.216
2025-06-02 12:45:00-04:00,27,104061.1,104320.0,103994.0,104234.6,840.204
2025-06-02 12:30:00-04:00,28,104050.6,104176.4,103982.9,104061.1,741.925
2025-06-02 12:15:00-04:00,29,104194.9,104293.9,103985.7,104050.6,969.003
2025-06-02 12:00:00-04:00,30,104396.9,104440.4,104172.7,104194.9,1197.292
2025-06-02 11:45:00-04:00,31,104342.3,104485.6,104215.5,104396.8,860.475
2025-06-02 11:30:00-04:00,32,104279.1,104392.3,104170.5,104342.3,1560.235
2025-06-02 11:15:00-04:00,33,104179.1,104533.3,104081.2,104279.1,2672.955
2025-06-02 11:00:00-04:00,34,104129.6,104244.4,103852.0,104179.0,1853.199
2025-06-02 10:45:00-04:00,35,104329.7,104373.4,103920.0,104129.6,3052.736
2025-06-02 10:30:00-04:00,36,104412.8,104646.1,104289.0,104329.6,3705.219
2025-06-02 10:15:00-04:00,37,104063.4,104546.7,103906.5,104412.8,4009.015
2025-06-02 10:00:00-04:00,38,103764.3,104094.5,103600.6,104063.3,3960.234
2025-06-02 09:45:00-04:00,39,104182.4,104229.0,103642.0,103764.3,4868.469
2025-06-02 09:30:00-04:00,40,103969.2,104517.0,103920.0,104182.5,4660.865
2025-06-02 09:15:00-04:00,41,104105.0,104150.0,103815.0,103969.2,1831.887
2025-06-02 09:00:00-04:00,42,104156.0,104221.2,103966.9,104105.1,1648.639
2025-06-02 08:45:00-04:00,43,104174.7,104190.9,104050.0,104156.0,1402.286
2025-06-02 08:30:00-04:00,44,104004.7,104236.9,103977.9,104174.8,2580.075
2025-06-02 08:15:00-04:00,45,103930.5,104026.8,103805.0,104004.7,1515.416
2025-06-02 08:00:00-04:00,46,104000.1,104081.7,103832.5,103930.5,2369.474
2025-06-02 07:45:00-04:00,47,103971.6,104141.6,103867.8,104000.0,1999.101
2025-06-02 07:30:00-04:00,48,104213.6,104294.4,103922.8,103971.6,2579.884
2025-06-02 07:15:00-04:00,49,104301.7,104335.0,104171.9,104213.6,1124.643
2025-06-02 07:00:00-04:00,50,104316.7,104448.6,104150.2,104301.8,1999.789
2025-06-02 06:45:00-04:00,51,104259.9,104400.0,104230.7,104316.7,1237.743
2025-06-02 06:30:00-04:00,52,104330.0,104397.9,104188.8,104260.0,1672.666
2025-06-02 06:15:00-04:00,53,104585.5,104585.5,104253.0,104330.1,2351.517
2025-06-02 06:00:00-04:00,54,104530.4,104618.2,104355.2,104585.5,2180.963
2025-06-02 05:45:00-04:00,55,104556.2,104580.6,104420.0,104530.5,2590.23
2025-06-02 05:30:00-04:00,56,104680.4,104859.7,104547.6,104556.1,2696.422
2025-06-02 05:15:00-04:00,57,104846.1,104846.1,104650.0,104680.5,2784.149
2025-06-02 05:00:00-04:00,58,105290.1,105296.5,104725.0,104846.1,5772.415
2025-06-02 04:45:00-04:00,59,105448.8,105497.1,105190.5,105290.0,1939.418
2025-06-02 04:30:00-04:00,60,105763.1,105848.6,105415.0,105448.7,3397.612
2025-06-02 04:15:00-04:00,61,105476.0,105900.0,105392.1,105763.2,3722.313
2025-06-02 04:00:00-04:00,62,105346.4,105544.2,105300.4,105476.0,1443.094
2025-06-02 03:45:00-04:00,63,105382.2,105398.5,105241.3,105346.4,628.203
2025-06-02 03:30:00-04:00,64,105230.4,105388.8,105139.9,105382.2,1230.315
2025-06-02 03:15:00-04:00,65,105244.2,105354.4,105210.4,105230.4,949.039
2025-06-02 03:00:00-04:00,66,105133.4,105317.5,105123.3,105244.2,1313.118
2025-06-02 02:45:00-04:00,67,105114.8,105245.0,105066.1,105133.5,1650.846
2025-06-02 02:30:00-04:00,68,104911.8,105136.4,104855.0,105114.8,1808.585
2025-06-02 02:15:00-04:00,69,104795.4,104937.4,104695.5,104911.9,1289.069
2025-06-02 02:00:00-04:00,70,104781.2,104910.0,104743.8,104795.3,949.301
2025-06-02 01:45:00-04:00,71,104630.9,104790.0,104549.8,104781.2,795.633
2025-06-02 01:30:00-04:00,72,104764.7,104787.1,104620.6,104630.9,890.135
2025-06-02 01:15:00-04:00,73,104868.2,104879.2,104676.8,104764.6,610.416
2025-06-02 01:00:00-04:00,74,104736.4,104882.9,104638.0,104868.2,674.029
2025-06-02 00:45:00-04:00,75,104850.1,104889.7,104650.1,104736.3,702.762
2025-06-02 00:30:00-04:00,76,104865.7,104939.1,104840.0,104850.0,343.787
2025-06-02 00:15:00-04:00,77,104869.8,104958.9,104846.1,104865.8,643.866
2025-06-02 00:00:00-04:00,78,104781.8,104875.3,104679.9,104869.8,897.349
2025-06-01 23:45:00-04:00,79,104880.2,104936.2,104780.0,104781.8,748.466
2025-06-01 23:30:00-04:00,80,104779.6,104959.0,104763.9,104880.2,1195.098
2025-06-01 23:15:00-04:00,81,104742.5,104820.5,104520.0,104779.6,2473.616
2025-06-01 23:00:00-04:00,82,104986.9,105016.4,104736.2,104742.4,1851.055
2025-06-01 22:45:00-04:00,83,105259.1,105284.5,104958.2,104986.9,1482.667
2025-06-01 22:30:00-04:00,84,105225.6,105311.0,105126.1,105259.0,1057.865
2025-06-01 22:15:00-04:00,85,105190.9,105264.9,105088.0,105225.6,1019.18
2025-06-01 22:00:00-04:00,86,105327.7,105368.3,105152.3,105190.9,1298.053
2025-06-01 21:45:00-04:00,87,105339.0,105385.7,105322.8,105327.6,407.2
2025-06-01 21:30:00-04:00,88,105416.1,105419.1,105290.4,105339.1,765.116
2025-06-01 21:15:00-04:00,89,105582.0,105602.0,105390.5,105416.0,576.939
2025-06-01 21:00:00-04:00,90,105379.2,105584.0,105372.5,105582.1,810.286
2025-06-01 20:45:00-04:00,91,105504.3,105517.8,105362.7,105379.1,732.943
2025-06-01 20:30:00-04:00,92,105420.3,105537.0,105391.1,105504.2,682.791
2025-06-01 20:15:00-04:00,93,105545.5,105623.9,105351.8,105420.4,1227.936
2025-06-01 20:00:00-04:00,94,105583.3,105700.0,105445.2,105545.4,1284.93
2025-06-01 19:45:00-04:00,95,105592.7,105687.6,105534.4,105583.3,647.255
2025-06-01 19:30:00-04:00,96,105644.8,105741.8,105570.0,105592.6,675.06
2025-06-01 19:15:00-04:00,97,105725.0,105823.6,105629.3,105644.7,1111.807
2025-06-01 19:00:00-04:00,98,105455.5,105760.0,105400.3,105725.0,1426.847
2025-06-01 18:45:00-04:00,99,105438.3,105505.5,105363.0,105455.4,521.241
2025-06-01 18:30:00-04:00,100,105420.3,105494.6,105376.9,105438.3,681.071
2025-06-01 18:15:00-04:00,101,105675.4,105676.8,105396.1,105420.3,1677.399
2025-06-01 18:00:00-04:00,102,105444.9,105699.0,105435.7,105675.5,2424.272
2025-06-01 17:45:00-04:00,103,105318.3,105468.9,105300.0,105444.9,839.233
2025-06-01 17:30:00-04:00,104,105101.1,105450.0,105101.1,105318.4,1993.645
2025-06-01 17:15:00-04:00,105,105013.4,105115.4,105013.4,105101.1,354.494
2025-06-01 17:00:00-04:00,106,104897.0,105042.3,104854.4,105013.5,891.113
2025-06-01 16:45:00-04:00,107,105219.8,105219.8,104833.1,104897.0,1345.619
2025-06-01 16:30:00-04:00,108,105105.1,105260.0,105061.2,105219.8,963.12
2025-06-01 16:15:00-04:00,109,104924.1,105123.0,104924.1,105105.1,531.636
2025-06-01 16:00:00-04:00,110,105075.2,105110.0,104871.3,104924.2,1040.002
2025-06-01 15:45:00-04:00,111,104996.4,105119.6,104996.4,105075.2,540.083
2025-06-01 15:30:00-04:00,112,104964.6,105096.0,104922.3,104996.4,874.965
2025-06-01 15:15:00-04:00,113,104818.0,104999.4,104792.9,104964.5,681.881
2025-06-01 15:00:00-04:00,114,104850.8,105024.3,104757.8,104818.0,1435.057
2025-06-01 14:45:00-04:00,115,104336.3,104921.5,104320.1,104850.8,2139.979
2025-06-01 14:30:00-04:00,116,104677.9,104677.9,104280.1,104336.3,2606.201
2025-06-01 14:15:00-04:00,117,104946.1,104976.0,104620.1,104677.9,1304.094
2025-06-01 14:00:00-04:00,118,105006.2,105014.0,104823.4,104946.1,943.159
2025-06-01 13:45:00-04:00,119,104993.1,105099.9,104954.4,105006.3,671.103
2025-06-01 13:30:00-04:00,120,105049.6,105152.5,104981.2,104993.1,615.198
2025-06-01 13:15:00-04:00,121,105066.3,105096.8,105022.6,105049.5,336.489
2025-06-01 13:00:00-04:00,122,104984.4,105150.0,104936.2,105066.2,936.67
2025-06-01 12:45:00-04:00,123,105162.4,105195.0,104943.7,104984.4,1233.39
2025-06-01 12:30:00-04:00,124,105101.3,105195.1,105001.5,105162.5,978.974
2025-06-01 12:15:00-04:00,125,105050.0,105233.7,104900.1,105101.3,2404.148
2025-06-01 12:00:00-04:00,126,104663.9,105285.0,104602.9,105050.0,6331.735
2025-06-01 11:45:00-04:00,127,104694.1,104744.7,104587.9,104664.0,752.468
2025-06-01 11:30:00-04:00,128,104727.6,104760.0,104615.1,104694.1,1082.6
2025-06-01 11:15:00-04:00,129,104493.6,104756.7,104486.3,104727.6,1111.45
2025-06-01 11:00:00-04:00,130,104551.5,104610.0,104435.4,104493.5,1200.556
2025-06-01 10:45:00-04:00,131,104622.3,104731.2,104520.0,104551.6,1141.767
2025-06-01 10:30:00-04:00,132,104620.7,104699.3,104537.0,104622.4,1071.87
2025-06-01 10:15:00-04:00,133,104448.8,104666.3,104448.8,104620.7,1110.598
2025-06-01 10:00:00-04:00,134,104215.9,104638.4,104215.9,104448.9,1951.951
2025-06-01 09:45:00-04:00,135,104286.3,104393.1,104203.1,104216.0,1169.118
2025-06-01 09:30:00-04:00,136,104139.9,104304.3,104119.8,104286.2,875.014
2025-06-01 09:15:00-04:00,137,104187.2,104320.0,104122.4,104140.0,1340.118
2025-06-01 09:00:00-04:00,138,103917.1,104200.0,103903.5,104187.3,929.801
2025-06-01 08:45:00-04:00,139,103885.4,103924.8,103807.4,103917.1,506.411
2025-06-01 08:30:00-04:00,140,104002.7,104013.7,103708.6,103885.3,1246.568
2025-06-01 08:15:00-04:00,141,104123.5,104142.4,103950.0,104002.7,597.393
2025-06-01 08:00:00-04:00,142,104038.0,104144.1,103984.9,104123.5,809.139
2025-06-01 07:45:00-04:00,143,104087.7,104099.9,104004.4,104038.0,427.313
2025-06-01 07:30:00-04:00,144,104015.9,104105.6,103953.7,104087.7,981.077
2025-06-01 07:15:00-04:00,145,103816.2,104027.7,103816.1,104016.0,861.819
2025-06-01 07:00:00-04:00,146,103887.8,103916.4,103800.7,103816.2,802.041
2025-06-01 06:45:00-04:00,147,103779.7,103887.9,103757.0,103887.8,570.943
2025-06-01 06:30:00-04:00,148,103888.0,103917.0,103727.1,103779.6,707.742
2025-06-01 06:15:00-04:00,149,103928.7,103965.0,103845.6,103888.0,676.65
2025-06-01 06:00:00-04:00,150,103888.0,103996.7,103802.0,103928.7,999.775
2025-06-01 05:45:00-04:00,151,103851.1,103985.9,103704.1,103888.0,1995.762
2025-06-01 05:30:00-04:00,152,103987.6,103992.2,103792.1,103851.1,2045.058
2025-06-01 05:15:00-04:00,153,104167.1,104171.9,103930.1,103987.7,2414.413
2025-06-01 05:00:00-04:00,154,104342.7,104410.5,104080.4,104167.1,1112.556
2025-06-01 04:45:00-04:00,155,104299.0,104349.1,104206.4,104342.7,536.758
2025-06-01 04:30:00-04:00,156,104232.9,104299.0,104207.1,104298.9,405.931
2025-06-01 04:15:00-04:00,157,104210.9,104277.0,104180.3,104232.9,463.021
2025-06-01 04:00:00-04:00,158,104230.9,104265.4,104168.0,104210.8,554.679
2025-06-01 03:45:00-04:00,159,104196.3,104255.1,104179.2,104231.0,315.09
2025-06-01 03:30:00-04:00,160,104299.8,104304.5,104162.2,104196.3,601.264
2025-06-01 03:15:00-04:00,161,104260.2,104327.5,104200.0,104299.8,480.017
2025-06-01 03:00:00-04:00,162,104206.8,104274.3,104148.0,104260.2,450.413
2025-06-01 02:45:00-04:00,163,104291.7,104304.3,104173.2,104206.8,340.359
2025-06-01 02:30:00-04:00,164,104261.8,104329.9,104261.7,104291.6,323.691
2025-06-01 02:15:00-04:00,165,104319.7,104319.7,104138.0,104261.8,982.631
2025-06-01 02:00:00-04:00,166,104485.7,104485.7,104299.8,104319.7,1207.223
2025-06-01 01:45:00-04:00,167,104466.3,104492.5,104386.7,104485.7,394.389
2025-06-01 01:30:00-04:00,168,104524.1,104586.6,104463.0,104466.2,424.399
2025-06-01 01:15:00-04:00,169,104645.5,104666.6,104519.5,104524.1,463.535
2025-06-01 01:00:00-04:00,170,104587.8,104671.8,104538.1,104645.4,660.231
2025-06-01 00:45:00-04:00,171,104647.3,104700.0,104579.3,104587.8,724.217
2025-06-01 00:30:00-04:00,172,104474.8,104688.0,104474.7,104647.3,1065.915
2025-06-01 00:15:00-04:00,173,104370.3,104490.4,104370.3,104474.8,409.732
2025-06-01 00:00:00-04:00,174,104336.4,104443.5,104313.9,104370.4,626.572
2025-05-31 23:45:00-04:00,175,104267.6,104425.0,104267.6,104336.4,978.712
2025-05-31 23:30:00-04:00,176,104107.0,104279.4,104106.9,104267.7,728.432
2025-05-31 23:15:00-04:00,177,104024.4,104107.0,103930.0,104107.0,663.925
2025-05-31 23:00:00-04:00,178,104144.0,104190.8,104003.2,104024.4,556.306
2025-05-31 22:45:00-04:00,179,104193.3,104289.7,104121.5,104143.9,691.702
2025-05-31 22:30:00-04:00,180,104120.5,104225.8,104120.5,104193.3,723.467
2025-05-31 22:15:00-04:00,181,103894.9,104166.3,103894.9,104120.5,664.181
2025-05-31 22:00:00-04:00,182,104085.1,104090.7,103860.9,103894.9,1379.506
2025-05-31 21:45:00-04:00,183,104168.6,104252.4,103917.9,104085.2,1869.388
2025-05-31 21:30:00-04:00,184,104344.7,104365.1,104112.4,104168.6,1359.818
2025-05-31 21:15:00-04:00,185,104430.0,104477.8,104260.5,104344.7,640.227
2025-05-31 21:00:00-04:00,186,104408.7,104433.7,104300.0,104430.1,647.072
2025-05-31 20:45:00-04:00,187,104418.4,104435.0,104333.5,104408.7,413.567
2025-05-31 20:30:00-04:00,188,104319.4,104418.4,104277.3,104418.3,1078.515
2025-05-31 20:15:00-04:00,189,104427.4,104455.2,104314.8,104319.3,961.381
2025-05-31 20:00:00-04:00,190,104544.6,104599.6,104400.0,104427.5,985.063
2025-05-31 19:45:00-04:00,191,104603.5,104615.0,104536.3,104544.7,241.613
2025-05-31 19:30:00-04:00,192,104593.6,104646.3,104562.6,104603.5,347.364
2025-05-31 19:15:00-04:00,193,104716.9,104799.6,104586.5,104593.5,711.887
2025-05-31 19:00:00-04:00,194,104567.3,104742.9,104423.0,104716.9,1427.17
2025-05-31 18:45:00-04:00,195,104669.7,104679.7,104550.0,104567.2,479.616
2025-05-31 18:30:00-04:00,196,104684.9,104705.2,104588.1,104669.8,401.612
2025-05-31 18:15:00-04:00,197,104779.8,104799.9,104680.3,104685.0,348.555
2025-05-31 18:00:00-04:00,198,104817.4,104859.3,104735.7,104779.7,565.979
2025-05-31 17:45:00-04:00,199,104777.4,104825.1,104670.5,104817.3,504.316
2025-05-31 17:30:00-04:00,200,104734.8,104832.1,104697.1,104777.4,481.216
2025-05-31 17:15:00-04:00,201,104620.0,104734.9,104585.7,104734.9,247.806
2025-05-31 17:00:00-04:00,202,104728.8,104833.9,104595.3,104620.0,1013.211
2025-05-31 16:45:00-04:00,203,104661.0,104770.8,104661.0,104728.9,597.466
2025-05-31 16:30:00-04:00,204,104630.4,104680.4,104615.5,104661.1,185.949
2025-05-31 16:15:00-04:00,205,104502.5,104638.0,104502.5,104630.3,201.875
2025-05-31 16:00:00-04:00,206,104653.9,104671.4,104490.0,104502.5,566.154
2025-05-31 15:45:00-04:00,207,104669.1,104700.0,104600.3,104653.9,393.4
2025-05-31 15:30:00-04:00,208,104652.5,104683.0,104630.0,104669.0,356.519
2025-05-31 15:15:00-04:00,209,104599.2,104687.0,104574.2,104652.4,535.006
2025-05-31 15:00:00-04:00,210,104444.8,104684.2,104444.8,104599.1,769.18
2025-05-31 14:45:00-04:00,211,104375.0,104452.2,104334.0,104444.8,294.086
2025-05-31 14:30:00-04:00,212,104482.7,104502.9,104367.9,104375.0,291.114
2025-05-31 14:15:00-04:00,213,104479.5,104578.5,104455.4,104482.8,438.124
2025-05-31 14:00:00-04:00,214,104304.2,104512.8,104304.2,104479.4,578.735
2025-05-31 13:45:00-04:00,215,104411.9,104428.2,104215.0,104304.2,1123.078
2025-05-31 13:30:00-04:00,216,104425.9,104468.8,104363.6,104412.0,359.776
2025-05-31 13:15:00-04:00,217,104500.0,104575.4,104416.7,104425.9,442.57
2025-05-31 13:00:00-04:00,218,104432.4,104500.0,104346.1,104500.0,791.775
2025-05-31 12:45:00-04:00,219,104394.1,104504.2,104351.0,104432.4,873.99
2025-05-31 12:30:00-04:00,220,104636.1,104743.8,104379.9,104394.1,1624.106
2025-05-31 12:15:00-04:00,221,104565.1,104695.8,104552.6,104636.1,745.747
2025-05-31 12:00:00-04:00,222,104497.1,104650.0,104335.2,104565.1,1474.042
2025-05-31 11:45:00-04:00,223,104481.5,104613.3,104379.2,104497.1,2076.671
2025-05-31 11:30:00-04:00,224,104730.1,104800.0,104417.8,104481.5,2585.002
2025-05-31 11:15:00-04:00,225,104539.9,104730.1,104539.9,104730.1,1968.861
2025-05-31 11:00:00-04:00,226,104513.2,104599.9,104411.7,104539.9,2152.173
2025-05-31 10:45:00-04:00,227,104381.6,104537.9,104307.3,104513.2,2186.883
2025-05-31 10:30:00-04:00,228,104238.2,104388.0,104231.9,104381.5,1257.866
2025-05-31 10:15:00-04:00,229,104352.3,104421.5,104213.2,104238.3,1858.578
2025-05-31 10:00:00-04:00,230,104061.0,104375.0,104053.0,104352.2,3668.983
2025-05-31 09:45:00-04:00,231,104038.8,104061.0,103940.0,104060.9,768.997
2025-05-31 09:30:00-04:00,232,104044.7,104146.0,104013.0,104038.7,767.641
2025-05-31 09:15:00-04:00,233,104070.0,104136.9,103932.8,104044.8,1792.547
2025-05-31 09:00:00-04:00,234,103984.1,104150.9,103920.7,104070.0,3038.909
2025-05-31 08:45:00-04:00,235,103824.0,103984.2,103824.0,103984.2,1479.301
2025-05-31 08:30:00-04:00,236,103737.9,103856.0,103685.0,103824.0,1024.413
2025-05-31 08:15:00-04:00,237,103824.0,103868.5,103729.7,103737.9,1045.244
2025-05-31 08:00:00-04:00,238,103460.9,103912.4,103444.4,103823.9,1955.692
2025-05-31 07:45:00-04:00,239,103477.8,103479.0,103419.1,103460.9,343.203
2025-05-31 07:30:00-04:00,240,103439.2,103480.0,103394.3,103477.8,358.548
2025-05-31 07:15:00-04:00,241,103308.5,103500.0,103308.5,103439.3,688.257
2025-05-31 07:00:00-04:00,242,103372.3,103384.0,103257.0,103308.5,576.661
2025-05-31 06:45:00-04:00,243,103298.0,103376.9,103249.9,103372.3,660.291
2025-05-31 06:30:00-04:00,244,103362.2,103406.8,103264.8,103298.1,810.382
2025-05-31 06:15:00-04:00,245,103440.0,103567.9,103340.1,103362.3,896.172
2025-05-31 06:00:00-04:00,246,103500.0,103562.4,103302.0,103440.0,1292.859
2025-05-31 05:45:00-04:00,247,103475.0,103538.8,103450.0,103500.1,440.483
2025-05-31 05:30:00-04:00,248,103452.4,103532.6,103442.4,103475.0,543.557
2025-05-31 05:15:00-04:00,249,103625.8,103676.5,103435.1,103452.5,874.217
2025-05-31 05:00:00-04:00,250,103610.7,103693.5,103589.5,103625.8,388.977
2025-05-31 04:45:00-04:00,251,103515.0,103719.8,103514.9,103610.6,571.707
2025-05-31 04:30:00-04:00,252,103647.8,103704.1,103474.4,103515.0,599.294
2025-05-31 04:15:00-04:00,253,103554.6,103687.2,103466.2,103647.9,695.87
2025-05-31 04:00:00-04:00,254,103700.5,103770.2,103550.0,103554.6,807.079
2025-05-31 03:45:00-04:00,255,103666.4,103777.4,103606.4,103700.6,447.73
2025-05-31 03:30:00-04:00,256,103641.3,103739.8,103641.3,103666.5,345.995
2025-05-31 03:15:00-04:00,257,103650.0,103673.2,103579.1,103641.3,519.364
2025-05-31 03:00:00-04:00,258,103807.4,103811.4,103646.1,103650.0,501.213
2025-05-31 02:45:00-04:00,259,103849.6,103857.3,103780.0,103807.3,474.973
2025-05-31 02:30:00-04:00,260,103655.8,103863.0,103604.5,103849.5,1268.511
2025-05-31 02:15:00-04:00,261,103579.4,103669.5,103567.6,103655.9,410.177
2025-05-31 02:00:00-04:00,262,103485.9,103599.7,103482.6,103579.4,592.911
2025-05-31 01:45:00-04:00,263,103660.8,103660.8,103455.2,103485.9,614.948
2025-05-31 01:30:00-04:00,264,103635.2,103698.9,103569.1,103660.8,898.706
2025-05-31 01:15:00-04:00,265,103675.2,103732.8,103570.4,103635.1,725.663
2025-05-31 01:00:00-04:00,266,103761.7,103863.6,103655.6,103675.2,814.631
2025-05-31 00:45:00-04:00,267,103699.9,103780.0,103684.6,103761.6,461.699
2025-05-31 00:30:00-04:00,268,103734.5,103750.0,103678.1,103699.9,741.662
2025-05-31 00:15:00-04:00,269,103584.9,103767.0,103433.1,103734.4,1324.995
2025-05-31 00:00:00-04:00,270,103640.2,103640.2,103484.0,103584.9,920.451
2025-05-30 23:45:00-04:00,271,103509.3,103663.6,103505.0,103640.1,1132.287
2025-05-30 23:30:00-04:00,272,103436.3,103533.4,103234.6,103509.2,1341.051
2025-05-30 23:15:00-04:00,273,103209.3,103447.0,103059.0,103436.3,1806.005
2025-05-30 23:00:00-04:00,274,103150.1,103318.0,103032.1,103209.3,2186.28
2025-05-30 22:45:00-04:00,275,103496.6,103550.2,103061.6,103150.1,2886.794
2025-05-30 22:30:00-04:00,276,103645.2,103645.2,103343.2,103496.8,1197.261
2025-05-30 22:15:00-04:00,277,103691.5,103827.3,103611.5,103645.2,1508.426
2025-05-30 22:00:00-04:00,278,103426.5,103699.9,103231.0,103691.4,2220.903
2025-05-30 21:45:00-04:00,279,103781.6,103781.7,103231.6,103426.5,2970.744
2025-05-30 21:30:00-04:00,280,103804.8,103945.7,103396.1,103781.6,4107.945
2025-05-30 21:15:00-04:00,281,104014.5,104160.9,103743.1,103804.7,1106.238
2025-05-30 21:00:00-04:00,282,103923.7,104063.8,103700.0,104014.5,1812.204
2025-05-30 20:45:00-04:00,283,104133.5,104259.4,103880.3,103923.7,1060.525
2025-05-30 20:30:00-04:00,284,103760.4,104220.0,103760.4,104133.5,2005.671
2025-05-30 20:15:00-04:00,285,103940.6,103984.3,103501.0,103760.5,3372.851
2025-05-30 20:00:00-04:00,286,103949.9,104140.9,103875.8,103940.6,2240.671
2025-05-30 19:45:00-04:00,287,103756.2,104100.0,103756.2,103950.0,1734.009
2025-05-30 19:30:00-04:00,288,103805.4,103883.2,103555.0,103756.1,2731.237
2025-05-30 19:15:00-04:00,289,103981.2,104171.2,103605.6,103805.3,2967.367
2025-05-30 19:00:00-04:00,290,103920.0,104210.2,103698.6,103981.2,2466.206
2025-05-30 18:45:00-04:00,291,103942.3,104273.4,103920.0,103920.1,1985.494
2025-05-30 18:30:00-04:00,292,104428.4,104457.9,103900.1,103942.2,2785.578
2025-05-30 18:15:00-04:00,293,104588.3,104750.0,104425.6,104428.3,1755.758
2025-05-30 18:00:00-04:00,294,104587.2,104647.4,104409.2,104588.2,977.865
2025-05-30 17:45:00-04:00,295,104592.0,104676.4,104566.0,104587.1,395.677
2025-05-30 17:30:00-04:00,296,104771.3,104828.1,104463.3,104592.0,925.662
2025-05-30 17:15:00-04:00,297,104727.9,104849.9,104717.5,104771.3,467.454
2025-05-30 17:00:00-04:00,298,104544.9,104739.5,104540.7,104727.9,650.586
2025-05-30 16:45:00-04:00,299,104675.9,104805.8,104487.6,104544.9,932.991
2025-05-30 16:30:00-04:00,300,104405.2,104686.0,104356.0,104675.9,769.562
2025-05-30 16:15:00-04:00,301,104411.7,104595.0,104362.7,104405.1,990.207
2025-05-30 16:00:00-04:00,302,104597.6,104619.1,104355.0,104411.6,1442.171
2025-05-30 15:45:00-04:00,303,104595.7,104740.0,104444.0,104597.6,1546.821
2025-05-30 15:30:00-04:00,304,104774.9,104774.9,104509.3,104595.7,1358.655
2025-05-30 15:15:00-04:00,305,104763.8,104937.6,104668.7,104774.9,1294.239
2025-05-30 15:00:00-04:00,306,104858.8,104957.5,104627.2,104763.8,1921.525
2025-05-30 14:45:00-04:00,307,104640.1,104878.0,104607.8,104858.9,1388.851
2025-05-30 14:30:00-04:00,308,104684.4,104747.1,104557.0,104640.1,1286.16
2025-05-30 14:15:00-04:00,309,104248.2,104772.4,104248.2,104684.3,3052.751
2025-05-30 14:00:00-04:00,310,104146.0,104425.0,104029.0,104248.2,2341.932
2025-05-30 13:45:00-04:00,311,104055.6,104260.0,104000.4,104146.0,1456.721
2025-05-30 13:30:00-04:00,312,103962.2,104180.3,103883.3,104055.5,1709.091
2025-05-30 13:15:00-04:00,313,104030.0,104189.5,103889.6,103962.2,1867.116
2025-05-30 13:00:00-04:00,314,103867.5,104200.0,103808.5,104030.0,3544.496
2025-05-30 12:45:00-04:00,315,104357.9,104358.0,103650.2,103867.4,9555.967
2025-05-30 12:30:00-04:00,316,104643.8,104686.2,103986.8,104357.9,13978.279
2025-05-30 12:15:00-04:00,317,105296.8,105310.2,104600.0,104643.8,4354.06
2025-05-30 12:00:00-04:00,318,105504.0,105531.5,105245.7,105296.8,1352.0
2025-05-30 11:45:00-04:00,319,105661.1,105728.7,105489.0,105504.0,1034.548
2025-05-30 11:30:00-04:00,320,105697.3,105795.4,105430.0,105661.2,2025.213
2025-05-30 11:15:00-04:00,321,105536.2,105794.8,105371.2,105697.4,1428.986
2025-05-30 11:00:00-04:00,322,105307.3,105588.8,105257.9,105536.2,1641.626
2025-05-30 10:45:00-04:00,323,105406.7,105495.4,105161.2,105307.2,1282.538
2025-05-30 10:30:00-04:00,324,105174.1,105620.0,105123.3,105406.7,2670.363
2025-05-30 10:15:00-04:00,325,105530.7,105665.9,105000.1,105174.0,3755.405
2025-05-30 10:00:00-04:00,326,105450.8,105796.8,105416.0,105530.7,2134.649
2025-05-30 09:45:00-04:00,327,105806.7,105943.0,105410.0,105450.8,2716.125
2025-05-30 09:30:00-04:00,328,105581.6,105816.9,105380.0,105806.7,2697.77
2025-05-30 09:15:00-04:00,329,105580.1,105645.0,105320.0,105581.6,2294.096
2025-05-30 09:00:00-04:00,330,105630.8,105849.9,105546.3,105580.0,1462.276
2025-05-30 08:45:00-04:00,331,105868.7,105949.1,105609.2,105630.8,1434.492
2025-05-30 08:30:00-04:00,332,105511.0,105931.8,105423.1,105868.7,2924.653
2025-05-30 08:15:00-04:00,333,105286.6,105528.6,105200.0,105510.9,2334.463
2025-05-30 08:00:00-04:00,334,105827.4,105927.0,105091.9,105286.5,6451.591
2025-05-30 07:45:00-04:00,335,105746.5,105918.8,105636.0,105827.4,2059.019
2025-05-30 07:30:00-04:00,336,105724.2,105858.2,105701.9,105746.5,1050.964
2025-05-30 07:15:00-04:00,337,105767.3,105897.4,105666.7,105724.1,1388.001
2025-05-30 07:00:00-04:00,338,105863.4,105940.1,105747.0,105767.3,1532.372
2025-05-30 06:45:00-04:00,339,105739.9,105880.0,105713.5,105863.4,1590.27
2025-05-30 06:30:00-04:00,340,105627.8,105758.8,105565.5,105740.0,1177.017
2025-05-30 06:15:00-04:00,341,105266.8,105638.7,105235.7,105627.8,1504.22
2025-05-30 06:00:00-04:00,342,105580.7,105699.3,105258.3,105266.9,4722.567
2025-05-30 05:45:00-04:00,343,105004.5,105620.0,105004.5,105580.8,4447.764
2025-05-30 05:30:00-04:00,344,105216.9,105256.9,104568.0,105004.5,4820.657
2025-05-30 05:15:00-04:00,345,105090.7,105312.1,105049.7,105216.8,1168.293
2025-05-30 05:00:00-04:00,346,105129.6,105305.5,105020.8,105090.8,1487.854
2025-05-30 04:45:00-04:00,347,105233.4,105323.2,105129.6,105129.6,957.342
2025-05-30 04:30:00-04:00,348,105186.1,105307.0,105078.3,105233.5,1979.851
2025-05-30 04:15:00-04:00,349,104947.7,105200.1,104832.4,105186.2,1959.836
2025-05-30 04:00:00-04:00,350,104997.5,105209.7,104803.3,104947.8,3188.225
2025-05-30 03:45:00-04:00,351,105024.2,105030.6,104680.4,104997.5,5965.416
2025-05-30 03:30:00-04:00,352,105571.9,105572.0,104950.0,105024.1,4780.641
2025-05-30 03:15:00-04:00,353,105491.0,105792.3,105485.0,105571.9,1429.323
2025-05-30 03:00:00-04:00,354,105671.4,105810.1,105372.5,105491.0,2651.939
2025-05-30 02:45:00-04:00,355,105771.6,105793.8,105468.5,105671.5,2639.22
2025-05-30 02:30:00-04:00,356,105905.1,105973.9,105759.7,105771.6,1681.497
2025-05-30 02:15:00-04:00,357,106032.5,106032.5,105843.8,105905.2,1538.489
2025-05-30 02:00:00-04:00,358,106028.0,106087.3,105962.6,106032.4,1013.257
2025-05-30 01:45:00-04:00,359,106211.9,106212.0,105975.0,106027.9,780.624
2025-05-30 01:30:00-04:00,360,106135.9,106266.0,106089.3,106212.0,1057.844
2025-05-30 01:15:00-04:00,361,106041.6,106165.0,106017.4,106135.9,633.541
2025-05-30 01:00:00-04:00,362,106064.9,106169.9,106041.6,106041.6,918.426
2025-05-30 00:45:00-04:00,363,105955.0,106087.5,105955.0,106065.0,770.33
2025-05-30 00:30:00-04:00,364,105935.3,105959.1,105850.5,105955.1,690.179
2025-05-30 00:15:00-04:00,365,105907.5,105999.7,105859.4,105935.3,666.27
2025-05-30 00:00:00-04:00,366,105978.8,106038.8,105887.5,105907.4,1221.442
2025-05-29 23:45:00-04:00,367,106044.0,106090.7,105900.0,105978.8,1104.664
2025-05-29 23:30:00-04:00,368,106089.9,106138.5,106024.3,106044.0,1073.056
2025-05-29 23:15:00-04:00,369,105956.4,106100.5,105956.3,106090.0,1015.122
2025-05-29 23:00:00-04:00,370,105952.3,106012.2,105866.3,105956.4,948.545
2025-05-29 22:45:00-04:00,371,106100.2,106117.9,105905.0,105952.3,1446.263
2025-05-29 22:30:00-04:00,372,105925.1,106129.0,105877.5,106100.2,2082.943
2025-05-29 22:15:00-04:00,373,105892.5,106069.7,105840.0,105925.1,1207.952
2025-05-29 22:00:00-04:00,374,105621.9,105988.1,105600.0,105892.5,1888.547
2025-05-29 21:45:00-04:00,375,105814.8,105881.3,105536.5,105621.9,1064.018
2025-05-29 21:30:00-04:00,376,105691.7,105824.4,105532.8,105814.9,2075.612
2025-05-29 21:15:00-04:00,377,105469.5,105716.9,105300.0,105691.6,3709.051
2025-05-29 21:00:00-04:00,378,104900.5,105499.9,104888.0,105469.9,7526.492
2025-05-29 20:45:00-04:00,379,105767.2,105798.2,104521.0,104900.3,11171.719
2025-05-29 20:30:00-04:00,380,106018.8,106041.7,105744.9,105767.2,1354.646
2025-05-29 20:15:00-04:00,381,105871.8,106175.9,105871.8,106018.7,2134.432
2025-05-29 20:00:00-04:00,382,105539.9,105939.7,105520.0,105871.9,2150.268
2025-05-29 19:45:00-04:00,383,105707.4,105770.6,105054.2,105539.9,5425.058
2025-05-29 19:30:00-04:00,384,105703.6,105856.0,105622.0,105707.4,1232.917
2025-05-29 19:15:00-04:00,385,105935.8,105943.1,105626.5,105703.5,2320.124
2025-05-29 19:00:00-04:00,386,105886.3,106042.4,105872.4,105935.8,801.48
2025-05-29 18:45:00-04:00,387,106023.7,106151.5,105858.0,105886.3,1524.934
2025-05-29 18:30:00-04:00,388,106137.0,106170.4,105995.1,106023.8,663.57
2025-05-29 18:15:00-04:00,389,106251.0,106309.1,106090.3,106137.1,616.68
2025-05-29 18:00:00-04:00,390,106397.9,106408.5,106230.0,106251.1,1148.401
2025-05-29 17:45:00-04:00,391,106277.5,106415.0,106221.2,106397.8,658.148
2025-05-29 17:30:00-04:00,392,106098.1,106325.8,106098.0,106277.4,547.346
2025-05-29 17:15:00-04:00,393,106286.2,106384.0,106043.5,106098.1,1072.821
2025-05-29 17:00:00-04:00,394,106134.1,106314.5,106134.0,106286.2,1042.661
2025-05-29 16:45:00-04:00,395,105898.4,106144.6,105862.0,106134.1,736.601
2025-05-29 16:30:00-04:00,396,106085.0,106167.0,105882.1,105898.4,1055.958
2025-05-29 16:15:00-04:00,397,105864.4,106154.1,105864.4,106084.9,1092.661
2025-05-29 16:00:00-04:00,398,105699.1,106128.1,105683.7,105864.4,2798.091
2025-05-29 15:45:00-04:00,399,105733.7,105869.7,105609.2,105699.2,1705.33
2025-05-29 15:30:00-04:00,400,105904.8,106035.7,105663.5,105733.7,2320.429
2025-05-29 15:15:00-04:00,401,105625.5,105934.5,105580.0,105904.8,3388.354
2025-05-29 15:00:00-04:00,402,105787.8,105999.0,105600.0,105625.6,4404.463
2025-05-29 14:45:00-04:00,403,106154.8,106295.0,105729.9,105787.9,4874.316
2025-05-29 14:30:00-04:00,404,106301.3,106570.6,106131.7,106154.9,1980.396
2025-05-29 14:15:00-04:00,405,106430.5,106562.5,106222.2,106301.3,2204.007
2025-05-29 14:00:00-04:00,406,106254.9,106536.8,106106.5,106430.5,2916.194
2025-05-29 13:45:00-04:00,407,106107.6,106800.0,106050.0,106254.8,5641.593
2025-05-29 13:30:00-04:00,408,106556.6,106770.1,106050.0,106107.6,5625.699
2025-05-29 13:15:00-04:00,409,106653.6,106850.0,106520.1,106556.5,1630.285
2025-05-29 13:00:00-04:00,410,106691.0,106763.3,106500.1,106653.6,2438.902
2025-05-29 12:45:00-04:00,411,106836.2,107029.8,106531.9,106691.1,2689.411
2025-05-29 12:30:00-04:00,412,106810.6,106935.4,106701.5,106836.2,1494.217
2025-05-29 12:15:00-04:00,413,106875.5,107098.0,106709.7,106810.6,2873.407
2025-05-29 12:00:00-04:00,414,106972.6,107121.1,106580.0,106875.5,6022.291
2025-05-29 11:45:00-04:00,415,107238.4,107261.4,106896.6,106972.5,3668.995
2025-05-29 11:30:00-04:00,416,107451.6,107546.0,107155.2,107238.3,2422.529
2025-05-29 11:15:00-04:00,417,107444.4,107534.8,107350.0,107451.6,1548.817
2025-05-29 11:00:00-04:00,418,107571.1,107693.5,107422.3,107444.4,2541.394
2025-05-29 10:45:00-04:00,419,107153.4,107788.0,107066.5,107571.1,8595.637
2025-05-29 10:30:00-04:00,420,106999.9,107187.9,106400.0,107153.4,12203.397
2025-05-29 10:15:00-04:00,421,107362.8,107373.5,106882.0,106999.9,6603.638
2025-05-29 10:00:00-04:00,422,107569.1,107735.8,107171.6,107362.7,4474.783
2025-05-29 09:45:00-04:00,423,107539.2,107850.4,107376.3,107569.1,5339.501
2025-05-29 09:30:00-04:00,424,108250.1,108311.7,107508.6,107539.2,7702.623
2025-05-29 09:15:00-04:00,425,108399.9,108421.4,108137.9,108250.0,2347.292
2025-05-29 09:00:00-04:00,426,108388.9,108548.3,108328.5,108399.9,1139.284
2025-05-29 08:45:00-04:00,427,108392.2,108560.1,108335.5,108388.9,1626.584
2025-05-29 08:30:00-04:00,428,108633.8,108772.9,108312.5,108392.2,2142.399
2025-05-29 08:15:00-04:00,429,108585.7,108700.0,108494.4,108633.8,1197.588
2025-05-29 08:00:00-04:00,430,108740.0,108754.6,108500.1,108585.6,2788.228
2025-05-29 07:45:00-04:00,431,108697.3,108789.1,108616.2,108740.0,1444.747
2025-05-29 07:30:00-04:00,432,108736.4,108837.1,108667.8,108697.2,1669.729
2025-05-29 07:15:00-04:00,433,108845.0,108860.0,108720.6,108736.5,1154.899
2025-05-29 07:00:00-04:00,434,108712.8,108860.0,108694.8,108844.9,1869.79
2025-05-29 06:45:00-04:00,435,108480.0,108827.1,108479.9,108712.7,3938.72
2025-05-29 06:30:00-04:00,436,108380.5,108529.9,108366.8,108480.0,733.351
2025-05-29 06:15:00-04:00,437,108426.2,108550.0,108380.4,108380.5,1051.125
2025-05-29 06:00:00-04:00,438,108472.3,108519.2,108350.0,108426.2,1106.34
2025-05-29 05:45:00-04:00,439,108365.9,108548.3,108300.0,108472.3,936.233
2025-05-29 05:30:00-04:00,440,108399.9,108470.0,108296.9,108365.9,1504.914
2025-05-29 05:15:00-04:00,441,108473.7,108550.0,108386.9,108399.9,1185.159
2025-05-29 05:00:00-04:00,442,108434.3,108599.9,108242.5,108473.7,2515.271
2025-05-29 04:45:00-04:00,443,108173.2,108537.6,108157.1,108434.3,2530.092
2025-05-29 04:30:00-04:00,444,108150.1,108280.7,108071.2,108173.3,2400.306
2025-05-29 04:15:00-04:00,445,107899.9,108199.8,107899.8,108150.0,2313.478
2025-05-29 04:00:00-04:00,446,107839.5,107915.9,107638.6,107899.8,1340.848
2025-05-29 03:45:00-04:00,447,107800.6,107858.4,107757.7,107839.4,619.32
2025-05-29 03:30:00-04:00,448,107937.9,107950.0,107760.3,107800.6,535.547
2025-05-29 03:15:00-04:00,449,107955.7,107983.9,107888.0,107937.9,499.751
2025-05-29 03:00:00-04:00,450,107874.6,107959.5,107709.0,107955.8,741.095
2025-05-29 02:45:00-04:00,451,107823.8,107878.7,107700.1,107874.6,687.482
2025-05-29 02:30:00-04:00,452,107884.5,107910.0,107808.3,107823.9,765.394
2025-05-29 02:15:00-04:00,453,107704.7,107905.4,107704.6,107884.5,1339.779
2025-05-29 02:00:00-04:00,454,107631.7,107729.4,107589.5,107704.6,763.92
2025-05-29 01:45:00-04:00,455,107672.1,107715.9,107569.8,107631.6,622.361
2025-05-29 01:30:00-04:00,456,107571.3,107677.4,107542.5,107672.0,629.759
2025-05-29 01:15:00-04:00,457,107523.7,107630.1,107521.5,107571.3,825.952
2025-05-29 01:00:00-04:00,458,107516.2,107634.4,107409.1,107523.7,1310.137
2025-05-29 00:45:00-04:00,459,107344.3,107573.9,106877.4,107516.2,6243.938
2025-05-29 00:30:00-04:00,460,107822.3,107845.7,107272.0,107344.3,3553.607
2025-05-29 00:15:00-04:00,461,107863.8,107873.7,107625.0,107822.3,1210.968
2025-05-29 00:00:00-04:00,462,107996.5,108056.8,107812.9,107863.8,793.085
2025-05-28 23:45:00-04:00,463,107994.7,108074.8,107931.0,107996.4,621.376
2025-05-28 23:30:00-04:00,464,108121.7,108169.5,107902.1,107994.7,957.824
2025-05-28 23:15:00-04:00,465,108158.4,108247.8,108102.0,108121.6,731.92
2025-05-28 23:00:00-04:00,466,108383.2,108387.3,108102.9,108158.5,1448.106
2025-05-28 22:45:00-04:00,467,108082.8,108450.0,108082.7,108383.1,2891.002
2025-05-28 22:30:00-04:00,468,108023.8,108130.8,107959.1,108082.8,1195.249
2025-05-28 22:15:00-04:00,469,107948.8,108177.5,107872.8,108023.7,840.046
2025-05-28 22:00:00-04:00,470,108103.5,108114.6,107946.6,107948.9,620.072
2025-05-28 21:45:00-04:00,471,107993.5,108288.0,107856.0,108103.4,2407.934
2025-05-28 21:30:00-04:00,472,107864.0,108087.3,107748.0,107993.5,1282.405
2025-05-28 21:15:00-04:00,473,107961.3,108013.6,107834.4,107864.0,661.212
2025-05-28 21:00:00-04:00,474,108235.8,108263.4,107870.1,107961.3,1824.686
2025-05-28 20:45:00-04:00,475,107744.2,108266.1,107744.2,108235.8,2456.836
2025-05-28 20:30:00-04:00,476,107950.3,107970.2,107723.1,107744.3,1017.81
2025-05-28 20:15:00-04:00,477,107496.8,107971.8,107496.7,107950.2,1955.754
2025-05-28 20:00:00-04:00,478,107723.1,107768.0,107378.6,107496.7,2062.492
2025-05-28 19:45:00-04:00,479,107868.2,107882.8,107655.0,107723.1,1275.712
2025-05-28 19:30:00-04:00,480,107904.7,107999.0,107833.0,107868.2,1408.38
2025-05-28 19:15:00-04:00,481,107806.5,107977.8,107715.3,107904.7,2775.164
2025-05-28 19:00:00-04:00,482,107347.9,107861.7,107347.8,107806.5,2828.26
2025-05-28 18:45:00-04:00,483,107266.7,107411.3,107150.0,107347.9,689.776
2025-05-28 18:30:00-04:00,484,107192.2,107299.0,107100.0,107266.7,455.388
2025-05-28 18:15:00-04:00,485,107269.9,107276.2,107162.5,107192.2,426.578
2025-05-28 18:00:00-04:00,486,107446.8,107446.8,107146.9,107270.0,875.26
2025-05-28 17:45:00-04:00,487,107449.3,107536.9,107339.1,107446.8,543.466
2025-05-28 17:30:00-04:00,488,107330.0,107459.8,107330.0,107449.4,755.967
2025-05-28 17:15:00-04:00,489,107293.7,107388.0,107276.0,107330.1,406.357
2025-05-28 17:00:00-04:00,490,107285.5,107299.2,107134.4,107293.8,603.829
2025-05-28 16:45:00-04:00,491,107307.0,107370.5,107134.0,107285.6,879.686
2025-05-28 16:30:00-04:00,492,107125.7,107360.0,107041.2,107306.9,923.869
2025-05-28 16:15:00-04:00,493,106997.5,107213.3,106845.3,107125.8,1993.904
2025-05-28 16:00:00-04:00,494,106894.0,107035.1,106723.9,106997.6,3469.483
2025-05-28 15:45:00-04:00,495,107080.1,107197.5,106881.5,106894.1,3646.466
2025-05-28 15:30:00-04:00,496,107449.0,107482.4,107080.0,107080.0,1686.946
2025-05-28 15:15:00-04:00,497,107613.5,107638.1,107416.4,107449.1,734.216
2025-05-28 15:00:00-04:00,498,107424.7,107746.9,107383.0,107613.5,1063.021
2025-05-28 14:45:00-04:00,499,107647.3,107729.0,107331.3,107424.8,1101.95
2025-05-28 14:30:00-04:00,500,107458.8,107647.4,107452.7,107647.4,629.18
2025-05-28 14:15:00-04:00,501,107770.9,107789.3,107453.6,107458.8,973.078
2025-05-28 14:00:00-04:00,502,107617.2,107785.8,107526.2,107771.0,1194.459
2025-05-28 13:45:00-04:00,503,107400.1,107644.6,107380.0,107617.1,745.84
2025-05-28 13:30:00-04:00,504,107551.2,107565.9,107305.2,107400.1,1167.298
2025-05-28 13:15:00-04:00,505,107596.2,107793.0,107451.5,107551.2,2222.615
2025-05-28 13:00:00-04:00,506,107384.6,107741.0,107376.0,107596.2,3483.728
2025-05-28 12:45:00-04:00,507,107171.9,107386.9,107152.6,107384.6,1552.073
2025-05-28 12:30:00-04:00,508,107364.2,107364.2,107133.4,107172.0,1710.176
2025-05-28 12:15:00-04:00,509,107240.8,107408.0,107232.7,107364.2,1591.839
2025-05-28 12:00:00-04:00,510,107065.5,107322.4,107065.4,107241.6,2470.188
2025-05-28 11:45:00-04:00,511,107376.8,107408.9,107000.0,107065.5,2834.772
2025-05-28 11:30:00-04:00,512,107258.2,107460.1,107190.2,107376.7,2152.735
2025-05-28 11:15:00-04:00,513,107100.3,107419.3,107100.1,107258.2,3882.519
2025-05-28 11:00:00-04:00,514,107475.8,107641.1,107100.2,107100.3,5668.907
2025-05-28 10:45:00-04:00,515,107563.0,107781.9,107415.0,107475.8,3662.638
2025-05-28 10:30:00-04:00,516,107904.3,107904.4,107512.7,107563.1,3467.877
2025-05-28 10:15:00-04:00,517,107821.2,107939.7,107568.0,107904.3,6919.656
2025-05-28 10:00:00-04:00,518,108011.4,108210.7,107793.6,107821.3,6690.076
2025-05-28 09:45:00-04:00,519,108453.2,108453.2,107888.0,108011.5,6903.814
2025-05-28 09:30:00-04:00,520,108675.6,108943.4,108350.0,108453.1,4288.658
2025-05-28 09:15:00-04:00,521,108791.0,108861.8,108588.6,108675.6,1756.95
2025-05-28 09:00:00-04:00,522,108833.0,108870.4,108713.2,108791.1,818.977
2025-05-28 08:45:00-04:00,523,108973.3,108973.3,108733.1,108833.0,1005.767
2025-05-28 08:30:00-04:00,524,108965.7,109000.0,108886.8,108973.2,1330.857
2025-05-28 08:15:00-04:00,525,108835.4,109012.0,108835.4,108965.7,1432.896
2025-05-28 08:00:00-04:00,526,108821.3,108936.8,108793.6,108835.4,692.123
2025-05-28 07:45:00-04:00,527,108762.7,108888.0,108741.9,108821.4,961.617
2025-05-28 07:30:00-04:00,528,108705.1,108808.4,108688.4,108762.7,645.256
2025-05-28 07:15:00-04:00,529,108802.2,108879.4,108674.8,108705.2,1150.39
2025-05-28 07:00:00-04:00,530,108786.3,108912.4,108786.2,108802.2,889.017
2025-05-28 06:45:00-04:00,531,108712.9,108913.9,108700.8,108786.2,1640.729
2025-05-28 06:30:00-04:00,532,108605.3,108750.1,108554.5,108712.9,1672.823
2025-05-28 06:15:00-04:00,533,108513.2,108620.1,108178.1,108605.2,3302.563
2025-05-28 06:00:00-04:00,534,108751.4,108763.8,108371.2,108513.3,2458.755
2025-05-28 05:45:00-04:00,535,108745.1,108798.0,108618.0,108751.3,877.772
2025-05-28 05:30:00-04:00,536,108550.7,108779.9,108450.0,108745.1,3095.154
2025-05-28 05:15:00-04:00,537,108724.3,108784.5,108520.5,108550.7,2529.485
2025-05-28 05:00:00-04:00,538,108989.9,109034.0,108700.0,108723.9,1237.349
2025-05-28 04:45:00-04:00,539,109029.8,109076.2,108910.0,108989.8,1144.976
2025-05-28 04:30:00-04:00,540,108854.6,109060.0,108534.5,109029.8,2721.931
2025-05-28 04:15:00-04:00,541,108699.7,108863.7,108680.9,108854.5,727.85
2025-05-28 04:00:00-04:00,542,108764.9,108902.4,108643.9,108699.7,921.942
2025-05-28 03:45:00-04:00,543,108918.5,108958.6,108734.4,108764.9,769.342
2025-05-28 03:30:00-04:00,544,108831.8,108922.3,108807.4,108918.4,387.67
2025-05-28 03:15:00-04:00,545,108856.7,108935.4,108823.1,108831.8,399.282
2025-05-28 03:00:00-04:00,546,108674.4,108950.8,108661.6,108856.7,1042.958
2025-05-28 02:45:00-04:00,547,108702.6,108780.0,108656.2,108674.5,431.368
2025-05-28 02:30:00-04:00,548,108774.3,108774.3,108600.0,108702.6,672.789
2025-05-28 02:15:00-04:00,549,108597.8,108792.5,108580.0,108774.3,1097.341
2025-05-28 02:00:00-04:00,550,108934.4,108934.4,108597.7,108597.8,1501.559
2025-05-28 01:45:00-04:00,551,108884.0,109040.7,108877.7,108934.4,891.926
2025-05-28 01:30:00-04:00,552,108890.1,109027.0,108829.9,108884.0,720.915
2025-05-28 01:15:00-04:00,553,108819.1,108906.2,108785.4,108890.1,358.847
2025-05-28 01:00:00-04:00,554,108935.4,108935.4,108796.0,108819.1,409.459
2025-05-28 00:45:00-04:00,555,108937.5,109022.1,108884.3,108935.5,749.093
2025-05-28 00:30:00-04:00,556,108617.2,109035.5,108617.2,108937.6,1442.821
2025-05-28 00:15:00-04:00,557,108740.2,108802.5,108568.7,108617.2,721.43
2025-05-28 00:00:00-04:00,558,108807.3,108848.8,108701.2,108740.3,480.287
2025-05-27 23:45:00-04:00,559,108795.8,108925.5,108777.2,108807.6,981.316
2025-05-27 23:30:00-04:00,560,108665.7,108809.5,108650.5,108795.8,577.774
2025-05-27 23:15:00-04:00,561,108797.6,108818.2,108650.4,108665.8,480.089
2025-05-27 23:00:00-04:00,562,108576.6,108805.5,108517.5,108797.7,845.389
2025-05-27 22:45:00-04:00,563,108771.2,108810.8,108576.6,108576.6,940.896
2025-05-27 22:30:00-04:00,564,108433.1,108838.1,108403.3,108771.3,1937.242
2025-05-27 22:15:00-04:00,565,108623.9,108699.3,108339.2,108433.1,2381.668
2025-05-27 22:00:00-04:00,566,108623.2,108796.4,108567.8,108623.9,1868.164
2025-05-27 21:45:00-04:00,567,108784.1,108900.0,108577.9,108623.1,1231.668
2025-05-27 21:30:00-04:00,568,108832.2,108929.5,108700.1,108784.1,1208.013
2025-05-27 21:15:00-04:00,569,108911.7,108936.9,108778.3,108832.3,1251.713
2025-05-27 21:00:00-04:00,570,109152.0,109252.6,108846.2,108911.6,1327.589
2025-05-27 20:45:00-04:00,571,108970.2,109235.0,108775.0,109152.0,1860.555
2025-05-27 20:30:00-04:00,572,108990.1,108999.9,108782.8,108970.3,873.577
2025-05-27 20:15:00-04:00,573,108664.5,108999.8,108652.4,108990.2,1353.179
2025-05-27 20:00:00-04:00,574,108889.2,108911.1,108631.0,108664.4,1450.857
2025-05-27 19:45:00-04:00,575,108997.3,109057.0,108886.8,108889.3,564.27
2025-05-27 19:30:00-04:00,576,108876.3,109099.5,108876.2,108997.3,657.849
2025-05-27 19:15:00-04:00,577,109008.1,109114.7,108858.2,108876.2,1110.943
2025-05-27 19:00:00-04:00,578,108960.6,109074.6,108928.9,109008.0,1023.284
2025-05-27 18:45:00-04:00,579,109000.6,109054.8,108838.7,108960.6,838.6
2025-05-27 18:30:00-04:00,580,108845.7,109040.0,108786.2,109000.5,1648.219
2025-05-27 18:15:00-04:00,581,108754.8,108887.2,108533.5,108845.8,2254.246
2025-05-27 18:00:00-04:00,582,108873.7,109114.7,108679.5,108754.8,2069.968
2025-05-27 17:45:00-04:00,583,108863.8,109063.2,108770.1,108873.7,1106.514
2025-05-27 17:30:00-04:00,584,109004.4,109221.2,108846.1,108863.9,1816.457
2025-05-27 17:15:00-04:00,585,109633.1,109633.1,109001.0,109004.3,2170.61
2025-05-27 17:00:00-04:00,586,109493.4,109633.1,109360.0,109633.1,1803.069
2025-05-27 16:45:00-04:00,587,109650.7,109690.8,109493.4,109493.5,860.095
2025-05-27 16:30:00-04:00,588,109754.7,109857.6,109625.2,109650.6,888.481
2025-05-27 16:15:00-04:00,589,109703.1,109844.9,109702.6,109754.5,518.772
2025-05-27 16:00:00-04:00,590,109824.8,109846.3,109641.0,109703.1,721.452
2025-05-27 15:45:00-04:00,591,109851.6,109944.9,109709.8,109822.8,1139.701
2025-05-27 15:30:00-04:00,592,109608.7,110016.1,109571.8,109851.6,1926.925
2025-05-27 15:15:00-04:00,593,109710.7,109710.7,109516.1,109608.7,957.272
2025-05-27 15:00:00-04:00,594,109837.1,109837.1,109567.6,109710.7,2145.918
2025-05-27 14:45:00-04:00,595,109894.6,109943.8,109736.8,109837.2,1199.326
2025-05-27 14:30:00-04:00,596,110021.5,110159.0,109835.0,109894.7,1438.32
2025-05-27 14:15:00-04:00,597,110090.0,110278.3,110005.2,110021.5,1298.546
2025-05-27 14:00:00-04:00,598,110188.8,110383.8,110068.5,110089.9,1591.606
2025-05-27 13:45:00-04:00,599,110271.2,110337.6,110166.6,110188.9,1464.425
2025-05-27 13:30:00-04:00,600,110075.9,110333.0,109946.5,110271.2,1533.034
2025-05-27 13:15:00-04:00,601,110096.0,110214.0,109918.9,110075.8,1712.898
2025-05-27 13:00:00-04:00,602,110170.0,110408.2,110070.0,110096.0,1815.763
2025-05-27 12:45:00-04:00,603,110394.1,110459.7,110009.0,110169.9,1900.283
2025-05-27 12:30:00-04:00,604,110049.7,110450.0,110038.4,110394.2,2554.28
2025-05-27 12:15:00-04:00,605,110104.1,110237.9,110044.7,110049.7,2056.842
2025-05-27 12:00:00-04:00,606,110091.3,110298.1,109901.0,110104.2,2688.794
2025-05-27 11:45:00-04:00,607,109952.4,110195.8,109952.4,110091.3,3334.497
2025-05-27 11:30:00-04:00,608,109599.2,110052.0,109567.7,109952.4,4156.386
2025-05-27 11:15:00-04:00,609,109488.0,109681.4,109441.2,109599.2,3035.356
2025-05-27 11:00:00-04:00,610,109334.9,109489.0,108954.5,109488.0,5166.259
2025-05-27 10:45:00-04:00,611,109606.0,109617.7,109135.2,109334.8,3002.602
2025-05-27 10:30:00-04:00,612,109487.0,109624.9,108609.4,109606.1,13312.003
2025-05-27 10:15:00-04:00,613,110089.8,110164.4,109473.3,109486.9,3923.475
2025-05-27 10:00:00-04:00,614,109791.5,110185.5,109750.0,110089.9,2903.344
2025-05-27 09:45:00-04:00,615,110092.9,110256.4,109622.2,109791.6,5777.131
2025-05-27 09:30:00-04:00,616,110396.0,110638.1,109938.7,110092.9,7687.407
2025-05-27 09:15:00-04:00,617,110331.4,110700.0,110115.8,110396.0,11144.57
2025-05-27 09:00:00-04:00,618,109550.6,110554.3,109526.2,110331.4,9659.62
2025-05-27 08:45:00-04:00,619,109431.0,109560.0,109430.9,109550.6,790.974
2025-05-27 08:30:00-04:00,620,109744.0,109747.8,109388.9,109430.9,1192.226
2025-05-27 08:15:00-04:00,621,109642.2,109779.7,109556.2,109744.0,1061.704
2025-05-27 08:00:00-04:00,622,109541.9,109761.0,109502.4,109642.3,1464.732
2025-05-27 07:45:00-04:00,623,109468.1,109567.0,109450.0,109541.8,599.432
2025-05-27 07:30:00-04:00,624,109466.4,109473.1,109388.9,109468.2,1091.98
2025-05-27 07:15:00-04:00,625,109569.9,109611.8,109416.1,109466.4,1307.846
2025-05-27 07:00:00-04:00,626,109647.9,109729.8,109560.5,109569.8,844.591
2025-05-27 06:45:00-04:00,627,109619.6,109695.9,109611.7,109647.9,413.561
2025-05-27 06:30:00-04:00,628,109745.8,109764.6,109571.5,109619.7,951.026
2025-05-27 06:15:00-04:00,629,109758.2,109800.0,109691.5,109745.8,743.12
2025-05-27 06:00:00-04:00,630,109788.5,109814.2,109700.0,109758.1,980.217
2025-05-27 05:45:00-04:00,631,109531.4,109861.5,109526.9,109788.5,3561.402
2025-05-27 05:30:00-04:00,632,109467.0,109539.6,109366.9,109531.5,1130.956
2025-05-27 05:15:00-04:00,633,109660.1,109668.4,109398.0,109467.1,1816.56
2025-05-27 05:00:00-04:00,634,109651.4,109741.8,109624.6,109660.0,1588.42
2025-05-27 04:45:00-04:00,635,109564.3,109651.4,109521.0,109651.3,887.488
2025-05-27 04:30:00-04:00,636,109601.5,109675.2,109440.2,109564.4,1608.264
2025-05-27 04:15:00-04:00,637,109614.3,109718.5,109556.7,109601.5,1281.386
2025-05-27 04:00:00-04:00,638,109488.0,109729.5,109488.0,109614.4,3225.398
2025-05-27 03:45:00-04:00,639,109455.1,109600.0,109400.0,109488.0,2392.472
2025-05-27 03:30:00-04:00,640,109133.3,109458.0,109124.9,109455.0,2631.7
2025-05-27 03:15:00-04:00,641,109018.9,109230.9,109018.9,109133.3,902.034
2025-05-27 03:00:00-04:00,642,108780.7,109079.8,108780.6,109019.0,1348.955
2025-05-27 02:45:00-04:00,643,109170.0,109233.1,108780.6,108780.6,1887.909
2025-05-27 02:30:00-04:00,644,109059.1,109218.8,109050.0,109169.9,1116.809
2025-05-27 02:15:00-04:00,645,109074.3,109133.0,108872.4,109059.2,1539.225
2025-05-27 02:00:00-04:00,646,108866.5,109190.0,108862.7,109074.2,2015.916
2025-05-27 01:45:00-04:00,647,108719.5,108937.1,108662.5,108866.4,1563.728
2025-05-27 01:30:00-04:00,648,108605.7,108799.5,108483.0,108719.5,1283.522
2025-05-27 01:15:00-04:00,649,108832.0,108849.8,108500.0,108605.6,2198.542
2025-05-27 01:00:00-04:00,650,108895.6,108914.1,108759.5,108832.0,1242.44
2025-05-27 00:45:00-04:00,651,109053.5,109319.5,108860.0,108895.7,2222.823
2025-05-27 00:30:00-04:00,652,109003.5,109166.4,108940.8,109053.5,1048.637
2025-05-27 00:15:00-04:00,653,108890.0,109097.2,108859.0,109003.6,687.429
2025-05-27 00:00:00-04:00,654,108845.0,109046.0,108808.5,108890.0,816.436
2025-05-26 23:45:00-04:00,655,108908.9,108952.1,108803.5,108844.9,985.777
2025-05-26 23:30:00-04:00,656,108863.7,109016.2,108827.0,108908.9,1335.988
2025-05-26 23:15:00-04:00,657,108886.1,109285.4,108853.9,108863.7,3838.644
2025-05-26 23:00:00-04:00,658,108220.1,109026.0,108220.0,108886.0,4406.749
2025-05-26 22:45:00-04:00,659,108485.8,108495.5,107855.0,108220.0,4077.628
2025-05-26 22:30:00-04:00,660,108548.4,108659.1,108387.0,108485.8,1381.433
2025-05-26 22:15:00-04:00,661,108323.1,108576.9,108206.1,108548.4,1374.25
2025-05-26 22:00:00-04:00,662,108354.4,108498.0,108237.2,108323.1,1531.394
2025-05-26 21:45:00-04:00,663,108326.1,108380.0,108110.6,108354.4,2375.371
2025-05-26 21:30:00-04:00,664,108319.7,108600.0,108149.9,108326.1,4864.812
2025-05-26 21:15:00-04:00,665,108694.5,108712.2,107438.0,108319.7,18117.108
2025-05-26 21:00:00-04:00,666,109104.8,109105.2,108629.8,108694.5,3460.752
2025-05-26 20:45:00-04:00,667,109212.6,109270.1,109084.0,109104.8,889.233
2025-05-26 20:30:00-04:00,668,109321.7,109338.2,109176.3,109212.5,636.782
2025-05-26 20:15:00-04:00,669,109458.4,109633.8,109245.6,109321.6,1366.9
2025-05-26 20:00:00-04:00,670,109386.8,109479.7,109283.0,109458.4,937.812
2025-05-26 19:45:00-04:00,671,109287.4,109420.6,109270.0,109386.8,573.123
2025-05-26 19:30:00-04:00,672,109173.1,109334.4,109133.5,109287.3,660.155
2025-05-26 19:15:00-04:00,673,109271.8,109297.9,109086.7,109173.1,755.495
2025-05-26 19:00:00-04:00,674,109143.8,109308.2,109009.0,109271.8,1077.613
2025-05-26 18:45:00-04:00,675,109349.5,109373.7,109115.2,109143.8,774.811
2025-05-26 18:30:00-04:00,676,109446.6,109553.7,109300.0,109349.5,849.468
2025-05-26 18:15:00-04:00,677,109631.7,109690.0,109414.3,109446.6,1007.77
2025-05-26 18:00:00-04:00,678,109297.9,109863.2,109260.9,109631.8,1723.904
2025-05-26 17:45:00-04:00,679,109150.1,109345.7,109120.0,109297.9,416.506
2025-05-26 17:30:00-04:00,680,109246.5,109450.0,109123.1,109150.0,842.606
2025-05-26 17:15:00-04:00,681,109307.0,109325.0,109085.7,109246.5,651.961
2025-05-26 17:00:00-04:00,682,109547.7,109613.4,109263.5,109307.1,818.538
2025-05-26 16:45:00-04:00,683,109409.7,109558.0,109325.9,109547.7,875.492
2025-05-26 16:30:00-04:00,684,109239.1,109615.7,109190.6,109409.7,1444.505
2025-05-26 16:15:00-04:00,685,109219.3,109293.6,109106.1,109239.2,598.271
2025-05-26 16:00:00-04:00,686,109074.4,109264.6,108894.0,109219.2,1400.511
2025-05-26 15:45:00-04:00,687,108958.7,109128.3,108901.8,109074.3,593.061
2025-05-26 15:30:00-04:00,688,109082.3,109095.7,108807.0,108958.7,1201.389
2025-05-26 15:15:00-04:00,689,109009.7,109147.4,108914.0,109082.3,1051.82
2025-05-26 15:00:00-04:00,690,109067.3,109105.7,108887.4,109009.8,1798.084
2025-05-26 14:45:00-04:00,691,109243.8,109243.9,109014.2,109067.3,904.458
2025-05-26 14:30:00-04:00,692,109252.2,109432.9,109243.8,109243.8,1121.82
2025-05-26 14:15:00-04:00,693,109235.8,109283.4,108957.0,109252.2,1055.501
2025-05-26 14:00:00-04:00,694,109138.0,109237.0,108982.6,109235.8,1186.579
2025-05-26 13:45:00-04:00,695,109163.4,109165.0,108850.0,109138.0,3627.112
2025-05-26 13:30:00-04:00,696,109331.5,109404.7,109139.0,109163.4,1181.467
2025-05-26 13:15:00-04:00,697,109414.0,109486.4,109172.1,109331.6,1212.601
2025-05-26 13:00:00-04:00,698,109347.1,109662.3,109289.1,109413.9,1638.084
2025-05-26 12:45:00-04:00,699,109543.8,109615.2,109288.5,109347.1,1570.091
2025-05-26 12:30:00-04:00,700,109290.0,109584.8,109104.1,109543.8,4049.042
2025-05-26 12:15:00-04:00,701,110042.1,110052.0,109042.3,109289.9,8465.652
2025-05-26 12:00:00-04:00,702,109963.2,110394.7,109953.4,110042.0,3567.735
2025-05-26 11:45:00-04:00,703,109914.9,110219.7,109868.4,109963.2,4619.493
2025-05-26 11:30:00-04:00,704,109836.0,110400.0,109836.0,109914.9,7990.219
2025-05-26 11:15:00-04:00,705,109600.2,109850.0,109567.3,109836.0,1232.448
2025-05-26 11:00:00-04:00,706,109616.1,109694.3,109486.0,109600.3,1059.213
2025-05-26 10:45:00-04:00,707,109564.5,109700.0,109456.5,109616.1,1303.648
2025-05-26 10:30:00-04:00,708,109656.8,109698.0,109470.0,109564.6,1348.434
2025-05-26 10:15:00-04:00,709,109672.5,109681.0,109461.1,109656.9,1731.98
2025-05-26 10:00:00-04:00,710,109549.1,109672.5,109456.5,109672.5,1512.011
2025-05-26 09:45:00-04:00,711,109817.3,109826.8,109412.9,109549.2,1978.823
2025-05-26 09:30:00-04:00,712,109810.4,109932.0,109731.6,109817.2,1066.325
2025-05-26 09:15:00-04:00,713,109700.1,109878.7,109638.0,109810.4,1361.412
2025-05-26 09:00:00-04:00,714,109781.6,109935.2,109650.0,109700.0,1317.76
2025-05-26 08:45:00-04:00,715,109679.0,110048.2,109608.8,109781.5,1661.633
2025-05-26 08:30:00-04:00,716,109696.4,109761.8,109663.0,109679.0,411.621
2025-05-26 08:15:00-04:00,717,109668.2,109788.8,109646.9,109696.4,846.967
2025-05-26 08:00:00-04:00,718,109736.6,109803.6,109615.3,109668.3,858.08
2025-05-26 07:45:00-04:00,719,109754.2,109788.9,109651.8,109736.7,711.079
2025-05-26 07:30:00-04:00,720,109654.7,109791.7,109525.4,109754.3,911.494
2025-05-26 07:15:00-04:00,721,109605.2,109668.0,109533.9,109654.6,638.774
2025-05-26 07:00:00-04:00,722,109589.7,109665.0,109500.0,109605.1,685.273
2025-05-26 06:45:00-04:00,723,109749.9,109774.4,109508.8,109589.7,959.938
2025-05-26 06:30:00-04:00,724,109772.0,109797.5,109700.0,109749.9,356.346
2025-05-26 06:15:00-04:00,725,109679.9,109815.5,109611.5,109772.0,570.94
2025-05-26 06:00:00-04:00,726,109663.2,109783.9,109605.1,109679.9,632.647
2025-05-26 05:45:00-04:00,727,109633.0,109750.0,109561.7,109663.2,1105.25
2025-05-26 05:30:00-04:00,728,109858.6,109900.0,109615.5,109633.0,998.185
2025-05-26 05:15:00-04:00,729,109773.5,109939.0,109750.0,109858.5,1080.219
2025-05-26 05:00:00-04:00,730,109620.0,109779.0,109545.6,109773.4,994.764
2025-05-26 04:45:00-04:00,731,109671.7,109740.0,109551.0,109619.9,1045.966
2025-05-26 04:30:00-04:00,732,109755.2,109833.7,109623.1,109671.7,1216.406
2025-05-26 04:15:00-04:00,733,109859.9,109930.0,109708.1,109755.2,1193.266
2025-05-26 04:00:00-04:00,734,110049.9,110138.8,109784.1,109859.9,1778.843
2025-05-26 03:45:00-04:00,735,109950.5,110050.0,109872.3,110049.9,1273.612
2025-05-26 03:30:00-04:00,736,109804.3,110039.8,109714.1,109950.5,1387.96
2025-05-26 03:15:00-04:00,737,109794.0,110011.8,109677.4,109804.2,2230.486
2025-05-26 03:00:00-04:00,738,109885.3,110197.9,109780.9,109794.0,4598.006
2025-05-26 02:45:00-04:00,739,109517.9,109919.8,109517.9,109885.3,2061.795
2025-05-26 02:30:00-04:00,740,109694.1,109694.2,109485.9,109517.9,738.324
2025-05-26 02:15:00-04:00,741,109513.8,109733.0,109475.7,109694.1,1085.345
2025-05-26 02:00:00-04:00,742,109591.5,109686.2,109493.2,109513.8,878.632
2025-05-26 01:45:00-04:00,743,109610.0,109642.5,109555.5,109591.6,426.626
2025-05-26 01:30:00-04:00,744,109544.1,109648.3,109463.9,109609.9,871.476
2025-05-26 01:15:00-04:00,745,109398.9,109584.3,109361.1,109544.2,1034.992
2025-05-26 01:00:00-04:00,746,109497.0,109568.3,109327.4,109398.9,1307.153
2025-05-26 00:45:00-04:00,747,109591.0,109678.4,109464.6,109497.0,1183.742
2025-05-26 00:30:00-04:00,748,109614.6,109698.2,109585.6,109591.1,711.167
2025-05-26 00:15:00-04:00,749,109493.1,109638.0,109450.0,109614.5,723.541
2025-05-26 00:00:00-04:00,750,109587.1,109642.9,109483.0,109493.0,1308.69
2025-05-25 23:45:00-04:00,751,109606.4,109730.0,109528.4,109587.0,1120.025
2025-05-25 23:30:00-04:00,752,109616.3,109679.2,109524.3,109606.4,1278.898
2025-05-25 23:15:00-04:00,753,109280.2,109658.1,109237.7,109616.2,1283.905
2025-05-25 23:00:00-04:00,754,109353.2,109371.7,109233.9,109280.2,795.555
2025-05-25 22:45:00-04:00,755,109262.2,109412.5,109151.3,109353.2,1456.331
2025-05-25 22:30:00-04:00,756,109480.2,109497.4,109155.6,109262.2,1811.41
2025-05-25 22:15:00-04:00,757,109484.5,109666.0,109436.4,109480.2,846.027
2025-05-25 22:00:00-04:00,758,109500.1,109738.0,109416.0,109484.4,1694.562
2025-05-25 21:45:00-04:00,759,109616.0,109856.0,109392.7,109500.1,4427.2
2025-05-25 21:30:00-04:00,760,109281.0,109722.8,109174.5,109616.0,2272.306
2025-05-25 21:15:00-04:00,761,109356.9,109419.6,109193.5,109280.9,1147.29
2025-05-25 21:00:00-04:00,762,109500.1,109788.5,109256.1,109357.0,3993.715
2025-05-25 20:45:00-04:00,763,109140.6,109571.1,109104.7,109500.1,3117.676
2025-05-25 20:30:00-04:00,764,108757.9,109248.9,108723.6,109140.6,2888.346
2025-05-25 20:15:00-04:00,765,108875.0,109047.0,108616.6,108757.9,1858.707
2025-05-25 20:00:00-04:00,766,108956.0,109002.6,108837.9,108874.9,1304.038
2025-05-25 19:45:00-04:00,767,108846.0,109031.9,108775.4,108955.9,1015.613
2025-05-25 19:30:00-04:00,768,108604.3,109021.1,108541.7,108846.0,1706.66
2025-05-25 19:15:00-04:00,769,108873.4,108948.9,108499.2,108604.4,3209.01
2025-05-25 19:00:00-04:00,770,109122.6,109285.1,108851.5,108873.5,4506.187
2025-05-25 18:45:00-04:00,771,108580.9,109169.0,108459.0,109122.6,6144.557
2025-05-25 18:30:00-04:00,772,108283.0,108600.0,108236.9,108581.0,2684.463
2025-05-25 18:15:00-04:00,773,108316.8,108642.0,108060.2,108283.1,4859.845
2025-05-25 18:00:00-04:00,774,107406.8,108641.0,107292.3,108316.8,9660.497
2025-05-25 17:45:00-04:00,775,107391.6,107627.4,107341.5,107406.7,587.564
2025-05-25 17:30:00-04:00,776,107407.8,107407.8,107118.8,107391.5,1031.013
2025-05-25 17:15:00-04:00,777,107816.1,107817.6,107363.5,107408.0,1062.37
2025-05-25 17:00:00-04:00,778,107632.0,107864.7,107584.0,107816.1,667.922
2025-05-25 16:45:00-04:00,779,107648.4,107650.0,107575.0,107632.0,298.083
2025-05-25 16:30:00-04:00,780,107519.7,107662.1,107500.0,107648.7,337.903
2025-05-25 16:15:00-04:00,781,107495.9,107583.5,107369.2,107519.7,1029.779
2025-05-25 16:00:00-04:00,782,107656.3,107706.8,107465.5,107495.8,886.272
2025-05-25 15:45:00-04:00,783,107610.3,107888.0,107607.9,107656.3,1367.413
2025-05-25 15:30:00-04:00,784,107577.0,107662.7,107563.5,107610.3,914.318
2025-05-25 15:15:00-04:00,785,107398.0,107577.0,107398.0,107576.9,343.563
2025-05-25 15:00:00-04:00,786,107361.5,107435.1,107361.0,107398.0,283.65
2025-05-25 14:45:00-04:00,787,107352.5,107425.7,107347.6,107361.6,301.086
2025-05-25 14:30:00-04:00,788,107485.0,107485.0,107352.4,107352.4,396.26
2025-05-25 14:15:00-04:00,789,107328.8,107565.3,107280.4,107485.1,951.256
2025-05-25 14:00:00-04:00,790,107323.1,107331.0,107212.5,107328.7,528.346
2025-05-25 13:45:00-04:00,791,107202.0,107330.8,107202.0,107323.0,564.438
2025-05-25 13:30:00-04:00,792,107255.2,107270.0,107106.8,107202.0,461.087
2025-05-25 13:15:00-04:00,793,107202.5,107280.0,107043.8,107255.2,729.912
2025-05-25 13:00:00-04:00,794,107130.0,107253.0,107129.9,107202.5,769.116
2025-05-25 12:45:00-04:00,795,107062.9,107200.0,107062.9,107129.9,1148.077
2025-05-25 12:30:00-04:00,796,106675.3,107100.0,106654.1,107063.0,1350.847
2025-05-25 12:15:00-04:00,797,106866.4,106888.3,106593.4,106675.4,2410.552
2025-05-25 12:00:00-04:00,798,106928.0,107029.6,106810.4,106866.4,1896.782
2025-05-25 11:45:00-04:00,799,107090.3,107178.2,106825.7,106927.9,2184.915
2025-05-25 11:30:00-04:00,800,106768.2,107191.0,106497.0,107090.2,6190.474
2025-05-25 11:15:00-04:00,801,107235.3,107263.2,106628.2,106768.3,6364.719
2025-05-25 11:00:00-04:00,802,107314.8,107379.5,107110.0,107235.3,1587.4
2025-05-25 10:45:00-04:00,803,107154.8,107325.7,107100.0,107314.9,1233.229
2025-05-25 10:30:00-04:00,804,107587.3,107587.4,107114.2,107154.7,2159.122
2025-05-25 10:15:00-04:00,805,107480.4,107592.7,107408.0,107587.4,726.944
2025-05-25 10:00:00-04:00,806,107474.7,107560.0,107376.2,107480.4,906.362
2025-05-25 09:45:00-04:00,807,107590.1,107698.4,107465.7,107474.8,1034.658
2025-05-25 09:30:00-04:00,808,107500.0,107686.1,107466.3,107590.0,1369.431
2025-05-25 09:15:00-04:00,809,107330.0,107500.0,107255.2,107499.9,537.088
2025-05-25 09:00:00-04:00,810,107476.5,107526.4,107250.0,107329.9,879.935
2025-05-25 08:45:00-04:00,811,107364.1,107510.0,107329.3,107476.5,747.629
2025-05-25 08:30:00-04:00,812,107417.4,107572.4,107336.2,107364.1,1333.835
2025-05-25 08:15:00-04:00,813,107369.9,107551.4,107267.8,107417.3,3183.586
2025-05-25 08:00:00-04:00,814,107214.0,107388.3,107145.0,107369.8,2672.768
2025-05-25 07:45:00-04:00,815,107075.4,107235.3,107070.4,107214.0,1476.471
2025-05-25 07:30:00-04:00,816,107122.1,107171.3,106972.2,107075.3,897.265
2025-05-25 07:15:00-04:00,817,106999.9,107134.5,106918.5,107122.2,1036.076
2025-05-25 07:00:00-04:00,818,106903.4,107005.0,106788.8,106999.9,1553.471
2025-05-25 06:45:00-04:00,819,107131.7,107348.3,106758.4,106903.4,3470.866
2025-05-25 06:30:00-04:00,820,107039.9,107266.9,107039.9,107131.7,621.464
2025-05-25 06:15:00-04:00,821,107146.7,107235.0,107033.9,107039.8,1001.021
2025-05-25 06:00:00-04:00,822,107083.9,107260.0,107018.2,107146.6,1757.249
2025-05-25 05:45:00-04:00,823,106846.5,107087.1,106846.5,107083.9,1602.626
2025-05-25 05:30:00-04:00,824,107128.2,107168.2,106653.0,106846.4,4794.196
2025-05-25 05:15:00-04:00,825,107129.1,107211.5,106850.6,107128.3,2299.291
2025-05-25 05:00:00-04:00,826,107065.3,107214.7,106916.3,107129.0,2548.774
2025-05-25 04:45:00-04:00,827,107275.3,107283.2,106879.4,107065.3,5057.71
2025-05-25 04:30:00-04:00,828,107390.6,107492.5,107202.3,107275.3,2042.421
2025-05-25 04:15:00-04:00,829,107441.0,107575.2,107298.7,107390.5,1500.324
2025-05-25 04:00:00-04:00,830,107637.1,107650.5,107380.0,107440.9,1205.763
2025-05-25 03:45:00-04:00,831,107574.1,107656.5,107520.7,107637.1,787.513
2025-05-25 03:30:00-04:00,832,107495.0,107661.5,107387.8,107574.2,1474.811
2025-05-25 03:15:00-04:00,833,107672.8,107763.8,107400.0,107495.0,1886.97
2025-05-25 03:00:00-04:00,834,107902.2,107902.2,107632.5,107672.8,1139.684
2025-05-25 02:45:00-04:00,835,107923.8,107975.0,107631.4,107902.2,2112.826
2025-05-25 02:30:00-04:00,836,107937.0,107956.3,107855.0,107923.8,348.955
2025-05-25 02:15:00-04:00,837,107976.4,107976.4,107828.0,107937.1,818.392
2025-05-25 02:00:00-04:00,838,108065.1,108097.9,107976.3,107976.3,731.382
2025-05-25 01:45:00-04:00,839,107985.1,108070.8,107945.1,108065.1,356.717
2025-05-25 01:30:00-04:00,840,108040.0,108084.8,107921.4,107985.1,464.111
2025-05-25 01:15:00-04:00,841,108077.5,108117.6,108031.0,108040.1,406.3
2025-05-25 01:00:00-04:00,842,108196.2,108250.1,108077.5,108077.5,742.679
2025-05-25 00:45:00-04:00,843,108132.9,108234.4,108104.7,108196.2,798.986
2025-05-25 00:30:00-04:00,844,107940.1,108162.0,107933.3,108132.9,776.767
2025-05-25 00:15:00-04:00,845,107928.5,108034.6,107890.8,107940.0,754.693
2025-05-25 00:00:00-04:00,846,108045.4,108086.3,107928.5,107928.6,841.926
2025-05-24 23:45:00-04:00,847,108154.8,108210.0,108043.9,108045.4,623.83
2025-05-24 23:30:00-04:00,848,108102.5,108179.9,108086.6,108154.9,618.488
2025-05-24 23:15:00-04:00,849,108096.4,108170.8,107974.8,108102.6,699.928
2025-05-24 23:00:00-04:00,850,107877.3,108198.9,107857.3,108096.4,2093.296
2025-05-24 22:45:00-04:00,851,107682.6,107947.0,107666.1,107877.3,896.481
2025-05-24 22:30:00-04:00,852,107796.2,107900.0,107632.0,107682.6,993.018
2025-05-24 22:15:00-04:00,853,107523.1,107846.9,107422.2,107796.3,1134.005
2025-05-24 22:00:00-04:00,854,107602.4,107763.5,107441.5,107523.1,1150.511
2025-05-24 21:45:00-04:00,855,107834.5,107834.6,107582.1,107602.3,828.312
2025-05-24 21:30:00-04:00,856,107833.2,107958.0,107666.0,107834.6,1477.839
2025-05-24 21:15:00-04:00,857,107313.3,107848.0,107142.0,107833.2,2713.91
2025-05-24 21:00:00-04:00,858,107392.4,107578.5,107185.1,107313.3,2326.319
2025-05-24 20:45:00-04:00,859,107443.1,107581.2,107234.0,107392.5,2628.43
2025-05-24 20:30:00-04:00,860,107964.1,108082.8,107251.8,107443.2,3155.176
2025-05-24 20:15:00-04:00,861,107868.9,108018.7,107720.0,107964.2,1056.527
2025-05-24 20:00:00-04:00,862,107699.0,107983.3,107681.4,107869.0,2545.497
2025-05-24 19:45:00-04:00,863,107688.3,107833.3,107394.7,107698.9,5064.21
2025-05-24 19:30:00-04:00,864,107963.7,108135.5,107674.0,107688.3,4247.52
2025-05-24 19:15:00-04:00,865,108006.6,108366.0,107800.0,107963.7,6284.43
2025-05-24 19:00:00-04:00,866,108052.8,108068.8,107628.0,108006.6,7599.213
2025-05-24 18:45:00-04:00,867,108200.4,108287.0,107923.1,108052.8,2035.889
2025-05-24 18:30:00-04:00,868,108467.1,108536.5,108042.4,108200.3,3863.537
2025-05-24 18:15:00-04:00,869,108689.3,108716.2,108275.1,108467.2,3157.633
2025-05-24 18:00:00-04:00,870,108788.5,108788.5,108562.4,108689.3,555.419
2025-05-24 17:45:00-04:00,871,108768.6,108820.0,108679.7,108788.4,233.719
2025-05-24 17:30:00-04:00,872,108661.8,108818.2,108655.0,108768.6,431.368
2025-05-24 17:15:00-04:00,873,108784.9,108820.2,108530.0,108661.9,649.84
2025-05-24 17:00:00-04:00,874,108817.0,108824.9,108679.8,108784.9,553.631
2025-05-24 16:45:00-04:00,875,108900.2,108900.2,108813.5,108817.1,389.727
2025-05-24 16:30:00-04:00,876,108940.5,109084.8,108900.1,108900.1,455.684
2025-05-24 16:15:00-04:00,877,108957.2,109026.0,108904.9,108940.4,488.093
2025-05-24 16:00:00-04:00,878,108912.7,108978.9,108837.6,108957.3,421.112
2025-05-24 15:45:00-04:00,879,108808.5,108929.4,108765.1,108912.7,447.512
2025-05-24 15:30:00-04:00,880,108814.6,108971.3,108783.0,108808.4,420.156
2025-05-24 15:15:00-04:00,881,108808.1,108857.6,108730.9,108814.5,400.813
2025-05-24 15:00:00-04:00,882,108780.6,108887.1,108750.0,108808.0,552.004
2025-05-24 14:45:00-04:00,883,108869.8,108869.8,108737.0,108780.7,494.764
2025-05-24 14:30:00-04:00,884,108966.3,108966.3,108830.4,108869.8,402.195
2025-05-24 14:15:00-04:00,885,109000.2,109032.8,108925.5,108966.3,314.354
2025-05-24 14:00:00-04:00,886,108876.2,109040.6,108870.9,109000.1,422.409
2025-05-24 13:45:00-04:00,887,108923.0,109035.5,108876.2,108876.3,413.587
2025-05-24 13:30:00-04:00,888,108914.5,109022.0,108870.1,108923.0,240.112
2025-05-24 13:15:00-04:00,889,109073.5,109073.6,108839.0,108914.4,2081.58
2025-05-24 13:00:00-04:00,890,108959.7,109165.8,108950.0,109073.6,2655.137
2025-05-24 12:45:00-04:00,891,108814.2,109057.8,108761.4,108959.7,2853.675
2025-05-24 12:30:00-04:00,892,108732.6,108833.0,108655.0,108814.1,2241.502
2025-05-24 12:15:00-04:00,893,108707.1,108842.8,108650.0,108732.7,2402.679
2025-05-24 12:00:00-04:00,894,108889.1,108940.1,108647.1,108707.1,2614.888
2025-05-24 11:45:00-04:00,895,108840.8,108900.0,108778.5,108889.2,2250.446
2025-05-24 11:30:00-04:00,896,108917.5,108996.3,108811.0,108840.9,2274.487
2025-05-24 11:15:00-04:00,897,109103.2,109103.2,108876.2,108917.5,2663.546
2025-05-24 11:00:00-04:00,898,108913.1,109169.6,108822.1,109103.1,3342.315
2025-05-24 10:45:00-04:00,899,108786.7,108988.6,108786.7,108913.0,2700.982
2025-05-24 10:30:00-04:00,900,108651.2,108931.6,108624.1,108786.6,834.619
2025-05-24 10:15:00-04:00,901,108694.9,108946.6,108632.8,108651.1,1238.922
2025-05-24 10:00:00-04:00,902,108564.2,108756.9,108550.0,108695.0,817.174
2025-05-24 09:45:00-04:00,903,108640.0,108700.0,108495.8,108564.3,854.695
2025-05-24 09:30:00-04:00,904,108835.1,108849.9,108596.8,108640.1,818.773
2025-05-24 09:15:00-04:00,905,108665.9,108849.3,108525.0,108835.1,1147.704
2025-05-24 09:00:00-04:00,906,108741.2,108797.2,108606.2,108665.9,1078.984
2025-05-24 08:45:00-04:00,907,108782.2,108845.0,108640.3,108741.3,1195.587
2025-05-24 08:30:00-04:00,908,108776.8,108860.2,108662.0,108782.2,1158.454
2025-05-24 08:15:00-04:00,909,108867.0,108920.9,108556.0,108776.9,3590.212
2025-05-24 08:00:00-04:00,910,109152.2,109227.1,108761.4,108867.0,3450.499
2025-05-24 07:45:00-04:00,911,109117.0,109300.5,109085.4,109152.2,1930.145
2025-05-24 07:30:00-04:00,912,109277.6,109433.4,109117.0,109117.0,2374.528
2025-05-24 07:15:00-04:00,913,109251.1,109356.1,109122.7,109277.6,1707.228
2025-05-24 07:00:00-04:00,914,109043.6,109440.2,109043.5,109251.0,3360.257
2025-05-24 06:45:00-04:00,915,108908.1,109222.0,108868.6,109043.5,4252.675
2025-05-24 06:30:00-04:00,916,108346.7,109055.4,108336.0,108908.1,7785.812
2025-05-24 06:15:00-04:00,917,108124.9,108383.9,108124.8,108346.7,1303.936
2025-05-24 06:00:00-04:00,918,108122.2,108211.2,108115.0,108124.9,579.787
2025-05-24 05:45:00-04:00,919,108190.3,108253.0,108108.1,108122.2,686.987
2025-05-24 05:30:00-04:00,920,108297.0,108379.4,108165.2,108190.7,786.531
2025-05-24 05:15:00-04:00,921,108161.8,108366.0,108152.1,108297.0,768.397
2025-05-24 05:00:00-04:00,922,108205.4,108385.0,108123.8,108161.7,2490.439
2025-05-24 04:45:00-04:00,923,108027.6,108250.0,108016.1,108205.4,1565.283
2025-05-24 04:30:00-04:00,924,107848.6,108038.1,107802.1,108027.6,905.555
2025-05-24 04:15:00-04:00,925,107810.2,107848.7,107644.9,107848.7,828.833
2025-05-24 04:00:00-04:00,926,107550.7,107979.2,107546.1,107810.1,3097.291
2025-05-24 03:45:00-04:00,927,107989.6,107989.6,107520.0,107550.6,3420.34
2025-05-24 03:30:00-04:00,928,108161.2,108161.3,107949.6,107989.6,679.767
2025-05-24 03:15:00-04:00,929,108064.4,108181.8,108064.4,108161.2,563.628
2025-05-24 03:00:00-04:00,930,107916.9,108088.0,107916.8,108064.5,1159.686
2025-05-24 02:45:00-04:00,931,107897.5,107918.3,107681.8,107916.8,1051.935
2025-05-24 02:30:00-04:00,932,108152.4,108152.5,107640.8,107897.6,4696.698
2025-05-24 02:15:00-04:00,933,108180.1,108191.5,107915.0,108152.5,1204.215
2025-05-24 02:00:00-04:00,934,108193.1,108289.7,108153.3,108180.0,549.797
2025-05-24 01:45:00-04:00,935,108172.0,108197.4,108065.3,108193.2,1044.726
2025-05-24 01:30:00-04:00,936,108313.6,108387.0,108144.9,108172.0,943.447
2025-05-24 01:15:00-04:00,937,108299.5,108313.6,108168.9,108313.5,1113.795
2025-05-24 01:00:00-04:00,938,108438.4,108476.4,108227.2,108299.6,1613.21
2025-05-24 00:45:00-04:00,939,108438.9,108520.0,108394.8,108438.3,695.577
2025-05-24 00:30:00-04:00,940,108392.3,108500.0,108327.2,108438.9,792.399
2025-05-24 00:15:00-04:00,941,108284.0,108435.6,108276.8,108392.4,790.793
2025-05-24 00:00:00-04:00,942,108306.7,108359.3,108238.1,108284.0,1226.431
2025-05-23 23:45:00-04:00,943,108128.6,108306.8,108050.0,108306.8,904.107
2025-05-23 23:30:00-04:00,944,108254.8,108330.6,108075.0,108128.7,1044.151
2025-05-23 23:15:00-04:00,945,107999.0,108284.8,107955.7,108254.7,2093.621
2025-05-23 23:00:00-04:00,946,107752.6,108069.5,107698.3,107998.9,2127.473
2025-05-23 22:45:00-04:00,947,107833.2,107833.2,107642.4,107752.7,627.076
2025-05-23 22:30:00-04:00,948,107745.8,107855.1,107690.1,107833.1,708.53
2025-05-23 22:15:00-04:00,949,107567.3,107799.5,107567.3,107745.7,1203.883
2025-05-23 22:00:00-04:00,950,107437.6,107597.0,107188.1,107567.3,1928.6
2025-05-23 21:45:00-04:00,951,107526.3,107614.8,107428.2,107437.5,814.512
2025-05-23 21:30:00-04:00,952,107674.5,107727.3,107520.7,107526.2,1057.648
2025-05-23 21:15:00-04:00,953,107571.3,107836.8,107525.8,107674.5,1266.494
2025-05-23 21:00:00-04:00,954,107325.2,107741.9,107306.1,107571.2,1765.171
2025-05-23 20:45:00-04:00,955,107441.3,107525.1,107308.0,107325.1,899.019
2025-05-23 20:30:00-04:00,956,107190.1,107640.9,107189.7,107441.3,2232.581
2025-05-23 20:15:00-04:00,957,107371.8,107419.3,107057.1,107190.0,2191.006
2025-05-23 20:00:00-04:00,958,107271.6,107448.8,106836.0,107371.7,3518.967
2025-05-23 19:45:00-04:00,959,107059.8,107380.0,106721.9,107271.5,5614.902
2025-05-23 19:30:00-04:00,960,107353.7,107627.6,106880.0,107059.7,5832.702
2025-05-23 19:15:00-04:00,961,107643.9,107697.5,107340.0,107353.6,1961.042
2025-05-23 19:00:00-04:00,962,107747.3,107863.0,107498.2,107643.9,2038.411
2025-05-23 18:45:00-04:00,963,108050.5,108065.9,107588.0,107747.2,4209.556
2025-05-23 18:30:00-04:00,964,108257.3,108362.4,108040.9,108050.5,801.077
2025-05-23 18:15:00-04:00,965,108443.4,108533.3,108257.4,108257.4,1033.627
2025-05-23 18:00:00-04:00,966,108242.4,108473.3,108170.1,108443.3,1304.221
2025-05-23 17:45:00-04:00,967,108478.4,108635.5,108000.0,108242.4,1665.106
2025-05-23 17:30:00-04:00,968,108367.9,108496.5,108134.6,108478.4,1027.895
2025-05-23 17:15:00-04:00,969,108287.2,108590.2,108287.1,108368.0,1166.009
2025-05-23 17:00:00-04:00,970,108190.0,108298.6,108119.0,108287.2,850.956
2025-05-23 16:45:00-04:00,971,108375.6,108482.8,108119.1,108189.9,1248.665
2025-05-23 16:30:00-04:00,972,108611.8,108611.9,108225.9,108375.6,1219.951
2025-05-23 16:15:00-04:00,973,108476.0,108672.2,108463.4,108611.8,1049.001
2025-05-23 16:00:00-04:00,974,108659.5,108677.2,108418.4,108476.0,1531.204
2025-05-23 15:45:00-04:00,975,108923.8,108923.8,108531.8,108659.4,1724.291
2025-05-23 15:30:00-04:00,976,108877.5,109030.1,108812.5,108923.8,808.84
2025-05-23 15:15:00-04:00,977,109066.0,109066.0,108819.7,108877.5,827.61
2025-05-23 15:00:00-04:00,978,108743.9,109120.0,108640.0,109065.9,2163.456
2025-05-23 14:45:00-04:00,979,108928.4,108928.4,108600.0,108743.8,2453.978
2025-05-23 14:30:00-04:00,980,109029.5,109080.8,108890.0,108928.4,1049.326
2025-05-23 14:15:00-04:00,981,109187.7,109230.0,108769.2,109029.5,3557.803
2025-05-23 14:00:00-04:00,982,109361.1,109437.8,109112.4,109187.8,1660.43
2025-05-23 13:45:00-04:00,983,109304.4,109547.4,109261.0,109361.2,1217.87
2025-05-23 13:30:00-04:00,984,109726.4,109726.4,109214.9,109304.5,2650.995
2025-05-23 13:15:00-04:00,985,109448.2,109760.0,109337.4,109726.3,2888.423
2025-05-23 13:00:00-04:00,986,109027.1,109448.3,108963.9,109448.3,3936.728
2025-05-23 12:45:00-04:00,987,108594.8,109064.7,108592.4,109027.0,2371.975
2025-05-23 12:30:00-04:00,988,108666.6,108915.2,108501.0,108594.7,3167.453
2025-05-23 12:15:00-04:00,989,108611.5,108886.5,107950.0,108666.6,9421.279
2025-05-23 12:00:00-04:00,990,108892.5,109173.6,108502.6,108611.4,6312.172
2025-05-23 11:45:00-04:00,991,109449.8,109474.2,108858.8,108892.4,2754.756
2025-05-23 11:30:00-04:00,992,109348.9,109707.6,109333.3,109449.9,2217.545
2025-05-23 11:15:00-04:00,993,109094.8,109455.8,109000.0,109348.9,2510.961
2025-05-23 11:00:00-04:00,994,109616.5,109813.0,108955.3,109094.8,8524.982
2025-05-23 10:45:00-04:00,995,109651.3,109911.0,109616.7,109616.7,2361.135
2025-05-23 10:30:00-04:00,996,109501.5,109769.8,109466.0,109651.2,3007.61
2025-05-23 10:15:00-04:00,997,109856.0,109912.7,109423.3,109501.4,4109.688
2025-05-23 10:00:00-04:00,998,109603.4,109969.6,109589.1,109856.0,6204.326
2025-05-23 09:45:00-04:00,999,109015.5,109698.0,108805.3,109603.4,6858.852
