Datetime,Open,High,Low,Close,Volume
2025-05-23 08:15:00-04:00,2542.78,2545.32,2497.0,2544.57,391213.543
2025-05-23 08:30:00-04:00,2544.57,2556.41,2537.94,2544.1,181076.564
2025-05-23 08:45:00-04:00,2544.09,2549.94,2533.8,2547.51,100904.558
2025-05-23 09:00:00-04:00,2547.52,2553.75,2536.0,2548.78,92085.335
2025-05-23 09:15:00-04:00,2548.79,2563.17,2546.0,2558.55,165883.816
2025-05-23 09:30:00-04:00,2558.55,2581.94,2555.67,2572.75,238896.502
2025-05-23 09:45:00-04:00,2572.75,2582.9,2563.25,2580.61,117630.713
2025-05-23 10:00:00-04:00,2580.61,2591.19,2573.3,2583.33,132358.44
2025-05-23 10:15:00-04:00,2583.32,2585.63,2570.44,2573.28,70697.304
2025-05-23 10:30:00-04:00,2573.27,2581.3,2571.63,2576.6,40050.387
2025-05-23 10:45:00-04:00,2576.59,2587.25,2572.49,2573.09,60916.942
2025-05-23 11:00:00-04:00,2573.09,2580.29,2564.28,2575.41,94445.661
2025-05-23 11:15:00-04:00,2575.42,2579.55,2571.46,2575.53,44912.557
2025-05-23 11:30:00-04:00,2575.52,2581.59,2573.34,2575.49,43912.04
2025-05-23 11:45:00-04:00,2575.49,2575.68,2565.0,2567.38,64288.241
2025-05-23 12:00:00-04:00,2567.37,2575.0,2554.51,2558.99,124653.711
2025-05-23 12:15:00-04:00,2558.99,2571.9,2545.12,2567.93,158738.735
2025-05-23 12:30:00-04:00,2567.92,2568.99,2553.84,2556.82,54782.477
2025-05-23 12:45:00-04:00,2556.81,2566.95,2556.81,2565.87,37893.791
2025-05-23 13:00:00-04:00,2565.87,2578.91,2564.56,2578.42,75514.711
2025-05-23 13:15:00-04:00,2578.42,2585.94,2575.28,2584.23,52563.685
2025-05-23 13:30:00-04:00,2584.22,2584.23,2566.74,2569.57,52384.898
2025-05-23 13:45:00-04:00,2569.56,2579.66,2568.06,2575.77,33864.275
2025-05-23 14:00:00-04:00,2575.77,2580.69,2571.23,2574.58,28957.777
2025-05-23 14:15:00-04:00,2574.57,2576.41,2554.74,2565.89,103466.828
2025-05-23 14:30:00-04:00,2565.88,2569.0,2560.71,2563.8,31491.818
2025-05-23 14:45:00-04:00,2563.79,2564.04,2552.0,2558.7,71899.74
2025-05-23 15:00:00-04:00,2558.71,2574.64,2555.24,2570.61,48334.383
2025-05-23 15:15:00-04:00,2570.6,2571.79,2563.27,2567.5,23990.576
2025-05-23 15:30:00-04:00,2567.49,2572.47,2565.57,2569.14,18293.076
2025-05-23 15:45:00-04:00,2569.14,2569.14,2556.03,2559.76,42350.617
2025-05-23 16:00:00-04:00,2559.77,2559.9,2548.53,2551.02,54024.529
2025-05-23 16:15:00-04:00,2551.03,2561.52,2551.02,2561.13,22670.573
2025-05-23 16:30:00-04:00,2561.13,2561.62,2524.84,2541.81,136332.28
2025-05-23 16:45:00-04:00,2541.81,2549.71,2538.86,2542.31,30604.513
2025-05-23 17:00:00-04:00,2542.31,2542.5,2529.0,2538.85,42404.276
2025-05-23 17:15:00-04:00,2538.85,2552.64,2538.84,2544.04,38067.955
2025-05-23 17:30:00-04:00,2544.04,2544.04,2534.6,2539.26,31011.058
2025-05-23 17:45:00-04:00,2539.26,2546.18,2526.0,2533.5,36726.829
2025-05-23 18:00:00-04:00,2533.5,2557.31,2531.0,2556.6,81291.87
2025-05-23 18:15:00-04:00,2556.6,2558.18,2547.05,2548.04,61889.095
2025-05-23 18:30:00-04:00,2548.04,2552.41,2535.45,2535.67,25536.426
2025-05-23 18:45:00-04:00,2535.68,2540.92,2529.0,2537.6,52943.604
2025-05-23 19:00:00-04:00,2537.6,2541.72,2520.0,2531.21,62509.699
2025-05-23 19:15:00-04:00,2531.21,2531.76,2519.64,2528.65,43687.973
2025-05-23 19:30:00-04:00,2528.65,2535.33,2502.1,2513.96,165873.156
2025-05-23 19:45:00-04:00,2513.96,2528.76,2505.01,2525.39,88985.36
2025-05-23 20:00:00-04:00,2525.38,2542.75,2515.73,2536.91,72042.261
2025-05-23 20:15:00-04:00,2536.9,2543.62,2525.0,2525.26,48579.112
2025-05-23 20:30:00-04:00,2525.26,2537.61,2525.0,2528.87,25867.149
2025-05-23 20:45:00-04:00,2528.87,2529.88,2513.97,2514.99,51680.29
2025-05-23 21:00:00-04:00,2514.99,2527.16,2514.4,2518.68,34278.189
2025-05-23 21:15:00-04:00,2518.69,2534.48,2518.37,2527.47,43656.551
2025-05-23 21:30:00-04:00,2527.46,2534.6,2527.3,2531.68,19912.278
2025-05-23 21:45:00-04:00,2531.69,2533.8,2521.8,2523.36,19252.498
2025-05-23 22:00:00-04:00,2523.36,2531.81,2517.39,2529.3,26846.661
2025-05-23 22:15:00-04:00,2529.3,2538.8,2529.3,2536.79,28907.652
2025-05-23 22:30:00-04:00,2536.78,2543.75,2534.6,2540.65,25367.66
2025-05-23 22:45:00-04:00,2540.66,2544.45,2536.37,2539.75,17341.339
2025-05-23 23:00:00-04:00,2539.75,2549.68,2536.79,2546.54,36876.515
2025-05-23 23:15:00-04:00,2546.55,2555.05,2545.05,2551.78,44905.293
2025-05-23 23:30:00-04:00,2551.75,2552.81,2546.15,2547.35,19863.123
2025-05-23 23:45:00-04:00,2547.34,2550.6,2543.77,2548.98,18179.786
2025-05-24 00:00:00-04:00,2548.98,2552.06,2544.73,2549.11,18887.146
2025-05-24 00:15:00-04:00,2549.11,2553.71,2548.74,2551.25,16213.472
2025-05-24 00:30:00-04:00,2551.25,2558.0,2549.44,2556.2,23685.996
2025-05-24 00:45:00-04:00,2556.2,2562.33,2555.18,2558.2,40242.681
2025-05-24 01:00:00-04:00,2558.21,2559.36,2550.25,2552.33,29633.724
2025-05-24 01:15:00-04:00,2552.32,2552.53,2543.65,2549.86,43036.62
2025-05-24 01:30:00-04:00,2549.85,2552.1,2543.57,2545.94,23805.984
2025-05-24 01:45:00-04:00,2545.94,2550.49,2542.0,2549.97,20361.259
2025-05-24 02:00:00-04:00,2549.97,2554.63,2548.7,2550.13,18791.686
2025-05-24 02:15:00-04:00,2550.12,2550.82,2544.04,2549.3,18519.576
2025-05-24 02:30:00-04:00,2549.29,2549.34,2534.1,2542.97,56281.074
2025-05-24 02:45:00-04:00,2542.98,2546.58,2536.58,2546.35,23513.445
2025-05-24 03:00:00-04:00,2546.35,2558.0,2546.35,2554.77,42533.043
2025-05-24 03:15:00-04:00,2554.77,2559.33,2553.6,2558.25,27146.993
2025-05-24 03:30:00-04:00,2558.25,2558.27,2548.06,2550.43,30173.082
2025-05-24 03:45:00-04:00,2550.43,2550.75,2543.45,2545.79,36787.616
2025-05-24 04:00:00-04:00,2545.78,2556.6,2544.72,2552.99,42875.383
2025-05-24 04:15:00-04:00,2553.0,2553.34,2543.81,2547.39,25744.88
2025-05-24 04:30:00-04:00,2547.38,2553.33,2545.0,2552.03,19585.309
2025-05-24 04:45:00-04:00,2552.03,2557.68,2551.69,2555.9,22916.139
2025-05-24 05:00:00-04:00,2555.88,2557.96,2551.63,2552.52,24240.389
2025-05-24 05:15:00-04:00,2552.53,2559.5,2552.43,2557.12,20260.726
2025-05-24 05:30:00-04:00,2557.13,2559.04,2554.5,2557.08,14097.645
2025-05-24 05:45:00-04:00,2557.07,2557.95,2549.97,2551.54,20032.384
2025-05-24 06:00:00-04:00,2551.53,2554.77,2551.1,2551.72,20974.855
2025-05-24 06:15:00-04:00,2551.71,2558.79,2551.64,2558.58,23130.838
2025-05-24 06:30:00-04:00,2558.57,2571.59,2558.36,2569.03,100110.333
2025-05-24 06:45:00-04:00,2569.04,2574.5,2566.26,2568.61,54880.906
2025-05-24 07:00:00-04:00,2568.61,2574.44,2565.23,2565.51,38343.039
2025-05-24 07:15:00-04:00,2565.5,2569.82,2562.17,2566.65,33053.318
2025-05-24 07:30:00-04:00,2566.66,2570.46,2563.53,2563.54,23985.901
2025-05-24 07:45:00-04:00,2563.53,2565.96,2560.98,2562.14,18282.303
2025-05-24 08:00:00-04:00,2562.15,2564.37,2549.95,2556.44,51991.991
2025-05-24 08:15:00-04:00,2556.44,2559.54,2547.07,2555.39,58579.185
2025-05-24 08:30:00-04:00,2555.38,2558.28,2552.22,2556.18,19013.588
2025-05-24 08:45:00-04:00,2556.17,2559.15,2553.0,2558.08,20320.052
2025-05-24 09:00:00-04:00,2558.08,2561.73,2552.02,2553.58,31812.465
2025-05-24 09:15:00-04:00,2553.58,2556.88,2547.0,2555.95,28468.989
2025-05-24 09:30:00-04:00,2555.95,2556.81,2549.72,2551.47,19565.046
2025-05-24 09:45:00-04:00,2551.47,2553.53,2542.36,2545.45,51529.737
2025-05-24 10:00:00-04:00,2545.44,2553.84,2542.34,2552.19,35205.35
2025-05-24 10:15:00-04:00,2552.18,2557.57,2547.71,2548.64,24207.529
2025-05-24 10:30:00-04:00,2548.63,2556.63,2546.21,2553.13,19867.556
2025-05-24 10:45:00-04:00,2553.13,2560.45,2553.13,2557.45,27269.785
2025-05-24 11:00:00-04:00,2557.44,2563.88,2554.29,2559.8,30359.569
2025-05-24 11:15:00-04:00,2559.8,2559.8,2552.43,2554.95,17218.422
2025-05-24 11:30:00-04:00,2554.94,2556.65,2548.97,2549.87,20193.953
2025-05-24 11:45:00-04:00,2549.87,2554.95,2548.32,2554.32,14803.228
2025-05-24 12:00:00-04:00,2554.32,2554.97,2545.34,2548.33,21949.231
2025-05-24 12:15:00-04:00,2548.32,2551.36,2542.23,2549.16,27892.737
2025-05-24 12:30:00-04:00,2549.15,2554.0,2547.92,2553.6,12417.638
2025-05-24 12:45:00-04:00,2553.59,2561.0,2551.19,2556.42,33793.06
2025-05-24 13:00:00-04:00,2556.41,2563.81,2556.41,2561.35,26610.872
2025-05-24 13:15:00-04:00,2561.34,2561.8,2554.44,2557.52,18569.164
2025-05-24 13:30:00-04:00,2557.51,2561.97,2554.14,2559.61,14875.048
2025-05-24 13:45:00-04:00,2559.61,2562.22,2556.52,2556.53,12185.464
2025-05-24 14:00:00-04:00,2556.53,2562.0,2555.71,2561.58,8597.73
2025-05-24 14:15:00-04:00,2561.57,2566.4,2559.71,2560.25,17181.358
2025-05-24 14:30:00-04:00,2560.26,2560.37,2554.78,2556.69,15830.901
2025-05-24 14:45:00-04:00,2556.69,2556.7,2543.32,2548.22,45327.526
2025-05-24 15:00:00-04:00,2548.22,2553.0,2545.2,2548.49,23369.764
2025-05-24 15:15:00-04:00,2548.5,2551.63,2547.32,2550.5,10275.68
2025-05-24 15:30:00-04:00,2550.51,2554.35,2548.06,2550.78,9836.283
2025-05-24 15:45:00-04:00,2550.78,2554.06,2547.55,2553.33,10774.684
2025-05-24 16:00:00-04:00,2553.34,2553.7,2548.46,2553.11,11159.412
2025-05-24 16:15:00-04:00,2553.12,2554.34,2549.27,2551.83,7997.739
2025-05-24 16:30:00-04:00,2551.83,2555.47,2551.14,2551.75,8704.554
2025-05-24 16:45:00-04:00,2551.75,2553.55,2549.12,2551.15,8218.253
2025-05-24 17:00:00-04:00,2551.15,2551.73,2545.25,2546.92,15736.294
2025-05-24 17:15:00-04:00,2546.91,2547.35,2511.13,2535.19,110797.933
2025-05-24 17:30:00-04:00,2535.18,2540.98,2531.37,2534.79,29342.283
2025-05-24 17:45:00-04:00,2534.78,2542.0,2529.02,2539.19,22138.983
2025-05-24 18:00:00-04:00,2539.19,2539.2,2526.83,2533.67,25506.594
2025-05-24 18:15:00-04:00,2533.67,2534.99,2525.31,2531.2,25976.675
2025-05-24 18:30:00-04:00,2531.2,2536.44,2524.06,2532.3,26113.697
2025-05-24 18:45:00-04:00,2532.29,2533.96,2520.0,2524.29,26622.237
2025-05-24 19:00:00-04:00,2524.3,2528.15,2516.1,2527.08,50504.062
2025-05-24 19:15:00-04:00,2527.07,2534.1,2522.16,2528.16,38626.84
2025-05-24 19:30:00-04:00,2528.17,2532.21,2524.12,2524.53,27292.312
2025-05-24 19:45:00-04:00,2524.54,2531.83,2520.8,2529.27,32212.393
2025-05-24 20:00:00-04:00,2529.27,2538.38,2528.04,2532.41,38714.074
2025-05-24 20:15:00-04:00,2532.41,2535.61,2526.08,2534.0,22474.877
2025-05-24 20:30:00-04:00,2533.99,2538.0,2480.0,2494.79,222274.492
2025-05-24 20:45:00-04:00,2494.79,2500.19,2473.36,2485.58,140278.199
2025-05-24 21:00:00-04:00,2485.57,2493.23,2478.01,2486.7,70808.526
2025-05-24 21:15:00-04:00,2486.69,2500.88,2479.0,2495.99,70744.069
2025-05-24 21:30:00-04:00,2496.0,2502.87,2491.17,2502.62,45906.704
2025-05-24 21:45:00-04:00,2502.61,2502.84,2493.0,2494.5,32638.387
2025-05-24 22:00:00-04:00,2494.5,2499.83,2488.0,2491.38,40101.526
2025-05-24 22:15:00-04:00,2491.38,2502.0,2484.2,2498.08,64230.712
2025-05-24 22:30:00-04:00,2498.08,2508.3,2497.56,2499.52,48053.352
2025-05-24 22:45:00-04:00,2499.52,2509.76,2499.15,2506.88,38973.024
2025-05-24 23:00:00-04:00,2506.88,2514.21,2505.68,2512.5,55798.319
2025-05-24 23:15:00-04:00,2512.49,2514.18,2508.17,2512.07,18433.31
2025-05-24 23:30:00-04:00,2512.06,2519.68,2512.06,2515.33,40505.805
2025-05-24 23:45:00-04:00,2515.33,2517.5,2511.3,2511.79,23312.57
2025-05-25 00:00:00-04:00,2511.78,2512.08,2503.98,2506.15,30406.947
2025-05-25 00:15:00-04:00,2506.14,2511.56,2504.72,2509.79,14138.875
2025-05-25 00:30:00-04:00,2509.79,2515.2,2509.02,2513.72,18266.314
2025-05-25 00:45:00-04:00,2513.73,2517.66,2511.5,2516.19,15842.189
2025-05-25 01:00:00-04:00,2516.18,2517.5,2511.1,2511.43,16004.508
2025-05-25 01:15:00-04:00,2511.43,2514.53,2509.62,2510.45,10967.587
2025-05-25 01:30:00-04:00,2510.47,2513.07,2506.0,2508.14,12746.492
2025-05-25 01:45:00-04:00,2508.15,2513.4,2506.38,2511.72,11101.261
2025-05-25 02:00:00-04:00,2511.73,2512.37,2506.8,2507.42,10478.215
2025-05-25 02:15:00-04:00,2507.42,2508.88,2500.98,2504.06,27463.066
2025-05-25 02:30:00-04:00,2504.06,2506.16,2501.14,2503.7,17254.741
2025-05-25 02:45:00-04:00,2503.7,2508.55,2502.0,2506.26,19969.326
2025-05-25 03:00:00-04:00,2506.26,2506.27,2494.56,2495.95,45005.924
2025-05-25 03:15:00-04:00,2495.94,2499.8,2488.0,2491.18,61333.542
2025-05-25 03:30:00-04:00,2491.17,2495.45,2486.3,2491.85,50822.74
2025-05-25 03:45:00-04:00,2491.84,2495.0,2488.11,2493.38,22252.563
2025-05-25 04:00:00-04:00,2493.38,2493.5,2481.14,2482.25,50814.984
2025-05-25 04:15:00-04:00,2482.25,2488.68,2477.43,2483.9,54252.172
2025-05-25 04:30:00-04:00,2483.91,2489.6,2482.26,2484.63,42521.065
2025-05-25 04:45:00-04:00,2484.63,2485.0,2457.6,2476.5,147627.439
2025-05-25 05:00:00-04:00,2476.49,2482.43,2471.14,2479.55,69180.747
2025-05-25 05:15:00-04:00,2479.55,2485.77,2473.28,2483.0,53025.966
2025-05-25 05:30:00-04:00,2482.99,2485.14,2474.33,2482.41,45270.058
2025-05-25 05:45:00-04:00,2482.42,2494.71,2482.22,2494.19,68898.576
2025-05-25 06:00:00-04:00,2494.2,2501.74,2490.55,2495.87,66269.939
2025-05-25 06:15:00-04:00,2495.87,2498.43,2491.77,2492.46,25171.125
2025-05-25 06:30:00-04:00,2492.46,2499.2,2492.45,2495.05,21098.382
2025-05-25 06:45:00-04:00,2495.05,2500.26,2487.32,2491.52,50658.522
2025-05-25 07:00:00-04:00,2491.51,2498.55,2487.77,2498.13,40907.521
2025-05-25 07:15:00-04:00,2498.13,2499.31,2492.64,2496.02,32240.902
2025-05-25 07:30:00-04:00,2496.02,2498.22,2491.65,2493.24,15929.393
2025-05-25 07:45:00-04:00,2493.24,2497.6,2490.92,2496.58,12836.893
2025-05-25 08:00:00-04:00,2496.58,2499.0,2493.74,2498.8,23194.27
2025-05-25 08:15:00-04:00,2498.8,2516.15,2498.8,2513.34,90471.528
2025-05-25 08:30:00-04:00,2513.35,2517.61,2510.5,2513.42,49057.913
2025-05-25 08:45:00-04:00,2513.42,2517.09,2511.07,2515.67,32362.857
2025-05-25 09:00:00-04:00,2515.67,2519.92,2510.14,2513.0,38130.06
2025-05-25 09:15:00-04:00,2513.0,2519.5,2510.3,2518.76,28784.732
2025-05-25 09:30:00-04:00,2518.76,2524.99,2515.31,2517.71,51952.725
2025-05-25 09:45:00-04:00,2517.71,2520.67,2512.09,2512.44,31109.371
2025-05-25 10:00:00-04:00,2512.43,2517.33,2507.0,2513.53,36674.864
2025-05-25 10:15:00-04:00,2513.52,2514.96,2508.96,2514.75,29549.163
2025-05-25 10:30:00-04:00,2514.75,2516.35,2501.17,2501.86,58817.305
2025-05-25 10:45:00-04:00,2501.86,2506.93,2495.55,2505.19,45067.608
2025-05-25 11:00:00-04:00,2505.19,2507.45,2495.04,2497.33,44896.786
2025-05-25 11:15:00-04:00,2497.32,2498.87,2478.0,2487.97,119590.097
2025-05-25 11:30:00-04:00,2487.96,2507.76,2485.0,2503.36,91828.93
2025-05-25 11:45:00-04:00,2503.36,2515.13,2496.3,2510.47,66606.687
2025-05-25 12:00:00-04:00,2510.47,2512.37,2502.25,2506.04,45897.214
2025-05-25 12:15:00-04:00,2506.03,2506.82,2495.12,2497.38,40962.327
2025-05-25 12:30:00-04:00,2497.37,2509.75,2495.0,2507.03,40391.922
2025-05-25 12:45:00-04:00,2507.03,2512.36,2506.0,2510.49,31241.934
2025-05-25 13:00:00-04:00,2510.49,2514.86,2509.08,2511.21,26925.027
2025-05-25 13:15:00-04:00,2511.21,2515.8,2507.71,2515.53,20296.421
2025-05-25 13:30:00-04:00,2515.53,2515.8,2507.46,2510.89,17137.293
2025-05-25 13:45:00-04:00,2510.9,2513.5,2510.79,2512.4,10904.005
2025-05-25 14:00:00-04:00,2512.39,2516.77,2509.8,2516.38,17430.757
2025-05-25 14:15:00-04:00,2516.39,2522.71,2513.29,2519.61,31285.689
2025-05-25 14:30:00-04:00,2519.62,2520.25,2514.18,2515.42,21884.563
2025-05-25 14:45:00-04:00,2515.42,2517.93,2513.52,2514.9,8789.657
2025-05-25 15:00:00-04:00,2514.89,2517.0,2513.5,2514.83,9208.141
2025-05-25 15:15:00-04:00,2514.83,2520.3,2514.82,2520.3,14363.856
2025-05-25 15:30:00-04:00,2520.3,2524.49,2519.29,2520.62,23535.695
2025-05-25 15:45:00-04:00,2520.62,2537.0,2519.05,2525.21,54767.207
2025-05-25 16:00:00-04:00,2525.2,2527.84,2516.05,2517.12,29945.758
2025-05-25 16:15:00-04:00,2517.12,2520.82,2509.69,2520.3,25263.068
2025-05-25 16:30:00-04:00,2520.29,2525.52,2519.47,2524.4,20597.412
2025-05-25 16:45:00-04:00,2524.39,2524.39,2519.41,2522.66,9596.469
2025-05-25 17:00:00-04:00,2522.66,2530.33,2521.74,2529.9,20161.953
2025-05-25 17:15:00-04:00,2529.9,2530.79,2518.27,2520.42,24966.908
2025-05-25 17:30:00-04:00,2520.43,2520.43,2506.08,2515.91,34347.175
2025-05-25 17:45:00-04:00,2515.91,2519.97,2512.55,2514.2,10549.08
2025-05-25 18:00:00-04:00,2514.2,2547.66,2511.31,2532.88,126667.668
2025-05-25 18:15:00-04:00,2532.9,2541.63,2530.17,2534.79,54350.539
2025-05-25 18:30:00-04:00,2534.8,2546.44,2532.99,2544.92,40275.089
2025-05-25 18:45:00-04:00,2544.92,2553.0,2541.08,2547.97,80528.755
2025-05-25 19:00:00-04:00,2547.96,2550.7,2542.16,2543.32,40798.866
2025-05-25 19:15:00-04:00,2543.33,2543.33,2533.82,2537.52,45696.897
2025-05-25 19:30:00-04:00,2537.51,2546.76,2536.19,2546.16,34567.202
2025-05-25 19:45:00-04:00,2546.16,2552.81,2542.38,2550.03,31311.17
2025-05-25 20:00:00-04:00,2550.03,2557.75,2546.13,2546.18,51634.218
2025-05-25 20:15:00-04:00,2546.18,2555.8,2535.0,2543.99,52656.713
2025-05-25 20:30:00-04:00,2544.0,2559.59,2541.55,2555.01,47404.65
2025-05-25 20:45:00-04:00,2555.01,2573.61,2551.92,2570.58,92183.305
2025-05-25 21:00:00-04:00,2570.58,2576.0,2557.01,2558.98,91574.744
2025-05-25 21:15:00-04:00,2558.99,2563.06,2554.76,2557.69,43285.497
2025-05-25 21:30:00-04:00,2557.69,2565.69,2553.75,2562.47,40325.297
2025-05-25 21:45:00-04:00,2562.47,2566.36,2554.28,2557.53,36254.118
2025-05-25 22:00:00-04:00,2557.53,2560.04,2550.58,2553.69,34171.962
2025-05-25 22:15:00-04:00,2553.68,2563.0,2551.39,2559.96,30649.249
2025-05-25 22:30:00-04:00,2559.95,2559.96,2547.15,2550.76,42209.78
2025-05-25 22:45:00-04:00,2550.77,2553.98,2546.0,2551.85,25872.788
2025-05-25 23:00:00-04:00,2551.85,2552.81,2547.53,2549.86,18421.142
2025-05-25 23:15:00-04:00,2549.85,2559.94,2548.48,2558.9,33761.674
2025-05-25 23:30:00-04:00,2558.9,2562.88,2554.82,2560.82,28898.353
2025-05-25 23:45:00-04:00,2560.81,2565.88,2558.3,2559.33,28485.302
2025-05-26 00:00:00-04:00,2559.34,2563.49,2556.16,2558.64,26907.907
2025-05-26 00:15:00-04:00,2558.64,2565.43,2557.39,2563.54,26523.806
2025-05-26 00:30:00-04:00,2563.55,2566.0,2562.07,2564.41,22252.019
2025-05-26 00:45:00-04:00,2564.41,2569.0,2562.66,2563.39,30596.973
2025-05-26 01:00:00-04:00,2563.39,2565.15,2560.44,2562.39,19584.908
2025-05-26 01:15:00-04:00,2562.38,2570.98,2561.34,2569.06,26176.051
2025-05-26 01:30:00-04:00,2569.05,2574.75,2566.48,2566.98,50063.749
2025-05-26 01:45:00-04:00,2566.97,2570.15,2566.24,2567.25,18816.836
2025-05-26 02:00:00-04:00,2567.26,2571.12,2564.11,2565.77,29275.666
2025-05-26 02:15:00-04:00,2565.76,2571.64,2565.43,2570.73,23056.492
2025-05-26 02:30:00-04:00,2570.72,2570.73,2565.88,2569.0,14487.913
2025-05-26 02:45:00-04:00,2569.0,2584.96,2567.71,2581.8,82576.746
2025-05-26 03:00:00-04:00,2581.77,2598.6,2578.12,2585.01,158308.297
2025-05-26 03:15:00-04:00,2585.01,2591.54,2580.0,2580.64,64242.27
2025-05-26 03:30:00-04:00,2580.64,2585.85,2576.45,2582.41,41957.176
2025-05-26 03:45:00-04:00,2582.4,2584.06,2576.0,2579.71,48206.456
2025-05-26 04:00:00-04:00,2579.7,2581.8,2572.0,2578.0,46460.017
2025-05-26 04:15:00-04:00,2578.0,2580.21,2572.71,2573.66,30949.269
2025-05-26 04:30:00-04:00,2573.67,2575.68,2567.0,2569.17,54809.799
2025-05-26 04:45:00-04:00,2569.17,2570.54,2563.18,2567.19,44033.005
2025-05-26 05:00:00-04:00,2567.2,2572.46,2563.01,2571.86,38229.478
2025-05-26 05:15:00-04:00,2571.86,2573.51,2569.39,2570.0,25182.022
2025-05-26 05:30:00-04:00,2570.0,2570.44,2552.47,2560.95,83638.283
2025-05-26 05:45:00-04:00,2560.95,2563.0,2557.49,2562.01,34058.759
2025-05-26 06:00:00-04:00,2562.01,2565.64,2558.57,2563.02,29090.953
2025-05-26 06:15:00-04:00,2563.02,2568.64,2560.18,2565.78,27506.016
2025-05-26 06:30:00-04:00,2565.78,2566.86,2562.44,2565.58,15292.062
2025-05-26 06:45:00-04:00,2565.59,2566.76,2553.0,2558.34,36745.224
2025-05-26 07:00:00-04:00,2558.34,2562.42,2554.18,2560.67,22190.396
2025-05-26 07:15:00-04:00,2560.67,2562.81,2559.18,2561.44,13313.844
2025-05-26 07:30:00-04:00,2561.45,2566.5,2555.55,2565.25,23820.901
2025-05-26 07:45:00-04:00,2565.25,2567.47,2563.0,2566.75,20405.176
2025-05-26 08:00:00-04:00,2566.74,2569.28,2561.76,2563.16,20888.461
2025-05-26 08:15:00-04:00,2563.16,2565.84,2559.7,2561.94,15060.45
2025-05-26 08:30:00-04:00,2561.94,2565.0,2560.61,2564.99,13337.719
2025-05-26 08:45:00-04:00,2565.0,2573.62,2564.01,2567.11,39678.918
2025-05-26 09:00:00-04:00,2567.12,2570.6,2558.72,2561.49,34788.548
2025-05-26 09:15:00-04:00,2561.5,2566.44,2555.17,2563.09,43909.17
2025-05-26 09:30:00-04:00,2563.1,2568.0,2560.51,2564.0,25151.881
2025-05-26 09:45:00-04:00,2564.0,2564.38,2537.68,2550.15,123668.4
2025-05-26 10:00:00-04:00,2550.15,2555.45,2546.0,2555.13,44130.922
2025-05-26 10:15:00-04:00,2555.13,2555.29,2544.82,2548.97,40197.802
2025-05-26 10:30:00-04:00,2548.96,2549.48,2540.84,2546.68,41153.386
2025-05-26 10:45:00-04:00,2546.68,2549.99,2541.88,2549.6,34947.396
2025-05-26 11:00:00-04:00,2549.6,2552.42,2544.2,2546.24,32784.057
2025-05-26 11:15:00-04:00,2546.24,2556.64,2545.17,2555.28,31671.093
2025-05-26 11:30:00-04:00,2555.28,2569.98,2555.28,2560.75,101798.629
2025-05-26 11:45:00-04:00,2560.74,2567.67,2560.37,2565.0,54612.425
2025-05-26 12:00:00-04:00,2565.0,2572.8,2561.47,2562.92,43983.13
2025-05-26 12:15:00-04:00,2562.92,2563.53,2532.86,2542.92,162370.549
2025-05-26 12:30:00-04:00,2542.92,2548.78,2536.14,2546.4,64102.167
2025-05-26 12:45:00-04:00,2546.4,2548.5,2538.0,2541.39,46442.584
2025-05-26 13:00:00-04:00,2541.39,2548.0,2539.8,2544.12,23396.976
2025-05-26 13:15:00-04:00,2544.11,2546.82,2536.32,2540.72,32737.73
2025-05-26 13:30:00-04:00,2540.72,2542.51,2534.33,2538.01,28539.363
2025-05-26 13:45:00-04:00,2538.0,2538.0,2521.29,2532.44,70649.746
2025-05-26 14:00:00-04:00,2532.44,2540.3,2526.75,2539.88,39976.948
2025-05-26 14:15:00-04:00,2539.87,2542.51,2534.68,2542.18,24176.978
2025-05-26 14:30:00-04:00,2542.17,2545.54,2539.45,2541.17,19931.493
2025-05-26 14:45:00-04:00,2541.16,2541.17,2531.59,2533.8,24239.036
2025-05-26 15:00:00-04:00,2533.83,2539.66,2531.17,2537.96,20031.218
2025-05-26 15:15:00-04:00,2537.97,2542.52,2537.31,2539.45,16674.303
2025-05-26 15:30:00-04:00,2539.45,2541.07,2534.8,2539.07,14150.491
2025-05-26 15:45:00-04:00,2539.06,2543.42,2537.81,2539.97,11589.611
2025-05-26 16:00:00-04:00,2539.97,2546.0,2535.19,2545.43,25076.537
2025-05-26 16:15:00-04:00,2545.42,2547.67,2541.51,2544.9,15391.511
2025-05-26 16:30:00-04:00,2544.89,2562.01,2543.92,2555.33,65498.044
2025-05-26 16:45:00-04:00,2555.33,2567.13,2551.29,2565.07,47094.828
2025-05-26 17:00:00-04:00,2565.06,2567.0,2558.59,2559.55,30216.044
2025-05-26 17:15:00-04:00,2559.56,2563.5,2553.98,2560.3,22176.015
2025-05-26 17:30:00-04:00,2560.3,2566.4,2556.04,2558.48,24565.875
2025-05-26 17:45:00-04:00,2558.49,2564.2,2556.65,2561.31,13750.23
2025-05-26 18:00:00-04:00,2561.31,2584.74,2556.95,2574.94,87366.362
2025-05-26 18:15:00-04:00,2574.95,2579.46,2563.1,2563.33,39784.072
2025-05-26 18:30:00-04:00,2563.32,2567.76,2559.62,2560.45,23937.16
2025-05-26 18:45:00-04:00,2560.45,2562.73,2556.0,2558.6,15346.642
2025-05-26 19:00:00-04:00,2558.6,2559.21,2551.89,2557.79,29373.242
2025-05-26 19:15:00-04:00,2557.79,2558.39,2553.03,2556.13,14545.952
2025-05-26 19:30:00-04:00,2556.12,2562.47,2554.69,2559.82,19316.0
2025-05-26 19:45:00-04:00,2559.83,2563.6,2559.0,2562.43,10076.983
2025-05-26 20:00:00-04:00,2562.42,2568.0,2559.1,2567.62,27748.666
2025-05-26 20:15:00-04:00,2567.61,2572.5,2557.8,2558.68,33115.964
2025-05-26 20:30:00-04:00,2558.68,2559.19,2551.85,2553.28,24277.51
2025-05-26 20:45:00-04:00,2553.28,2557.29,2547.75,2549.99,25699.759
2025-05-26 21:00:00-04:00,2549.99,2550.0,2534.02,2535.2,76633.754
2025-05-26 21:15:00-04:00,2535.2,2536.09,2508.0,2526.04,208741.703
2025-05-26 21:30:00-04:00,2526.03,2530.75,2520.51,2525.77,75091.704
2025-05-26 21:45:00-04:00,2525.76,2530.0,2522.6,2528.66,34276.25
2025-05-26 22:00:00-04:00,2528.66,2535.59,2526.86,2534.74,38906.434
2025-05-26 22:15:00-04:00,2534.73,2540.71,2529.67,2539.64,37964.781
2025-05-26 22:30:00-04:00,2539.63,2543.5,2538.0,2539.47,28306.375
2025-05-26 22:45:00-04:00,2539.47,2540.47,2531.07,2534.49,34807.268
2025-05-26 23:00:00-04:00,2534.5,2559.91,2534.38,2557.05,79223.041
2025-05-26 23:15:00-04:00,2557.06,2564.25,2551.32,2552.02,60082.959
2025-05-26 23:30:00-04:00,2552.02,2554.69,2548.75,2550.83,29879.72
2025-05-26 23:45:00-04:00,2550.83,2552.49,2547.38,2548.42,21573.466
2025-05-27 00:00:00-04:00,2548.42,2557.55,2547.83,2553.0,25926.968
2025-05-27 00:15:00-04:00,2552.99,2561.28,2551.95,2558.25,22191.633
2025-05-27 00:30:00-04:00,2558.24,2562.65,2556.36,2560.47,20544.064
2025-05-27 00:45:00-04:00,2560.47,2568.0,2555.1,2558.21,44046.266
2025-05-27 01:00:00-04:00,2558.21,2558.97,2553.71,2557.41,22471.249
2025-05-27 01:15:00-04:00,2557.41,2557.99,2549.0,2554.77,28243.903
2025-05-27 01:30:00-04:00,2554.77,2564.37,2552.77,2562.82,31883.272
2025-05-27 01:45:00-04:00,2562.83,2572.17,2561.11,2568.6,57949.679
2025-05-27 02:00:00-04:00,2568.6,2607.69,2568.59,2598.78,256280.922
2025-05-27 02:15:00-04:00,2598.78,2609.9,2589.14,2595.79,159699.878
2025-05-27 02:30:00-04:00,2595.78,2601.8,2590.1,2591.65,80191.227
2025-05-27 02:45:00-04:00,2591.52,2592.72,2563.59,2568.63,210693.376
2025-05-27 03:00:00-04:00,2568.63,2584.45,2568.53,2582.91,104924.365
2025-05-27 03:15:00-04:00,2582.9,2590.0,2580.14,2589.76,42567.864
2025-05-27 03:30:00-04:00,2589.75,2606.02,2589.22,2598.31,106913.251
2025-05-27 03:45:00-04:00,2598.31,2619.61,2598.31,2606.95,128747.173
2025-05-27 04:00:00-04:00,2606.97,2639.38,2606.7,2625.23,290812.359
2025-05-27 04:15:00-04:00,2625.23,2643.44,2624.55,2637.31,164553.292
2025-05-27 04:30:00-04:00,2637.32,2642.39,2630.0,2632.96,136879.12
2025-05-27 04:45:00-04:00,2632.99,2640.85,2630.59,2634.54,73680.488
2025-05-27 05:00:00-04:00,2634.54,2639.92,2633.36,2635.8,60119.552
2025-05-27 05:15:00-04:00,2635.79,2636.12,2620.88,2622.98,93349.105
2025-05-27 05:30:00-04:00,2622.97,2636.75,2622.57,2635.26,60863.924
2025-05-27 05:45:00-04:00,2635.26,2649.13,2633.67,2637.53,103876.731
2025-05-27 06:00:00-04:00,2637.53,2639.0,2630.2,2633.57,38138.959
2025-05-27 06:15:00-04:00,2633.58,2641.21,2631.0,2640.0,45364.922
2025-05-27 06:30:00-04:00,2639.99,2641.52,2632.62,2632.71,33011.069
2025-05-27 06:45:00-04:00,2632.71,2639.29,2632.42,2637.76,25095.39
2025-05-27 07:00:00-04:00,2637.76,2640.68,2630.32,2632.08,36936.217
2025-05-27 07:15:00-04:00,2632.09,2637.67,2626.04,2637.41,46898.216
2025-05-27 07:30:00-04:00,2637.4,2649.99,2637.1,2644.23,88257.85
2025-05-27 07:45:00-04:00,2644.24,2654.1,2641.6,2651.98,89458.29
2025-05-27 08:00:00-04:00,2651.97,2653.72,2636.68,2638.69,90398.375
2025-05-27 08:15:00-04:00,2638.69,2649.0,2633.19,2647.68,70880.275
2025-05-27 08:30:00-04:00,2647.67,2648.48,2637.09,2638.1,35312.811
2025-05-27 08:45:00-04:00,2638.1,2648.27,2637.0,2647.38,38140.701
2025-05-27 09:00:00-04:00,2647.38,2676.5,2645.0,2663.58,207075.716
2025-05-27 09:15:00-04:00,2663.58,2683.76,2660.56,2666.49,203789.073
2025-05-27 09:30:00-04:00,2666.49,2674.95,2648.02,2655.92,138092.181
2025-05-27 09:45:00-04:00,2655.92,2662.98,2641.37,2654.84,114127.986
2025-05-27 10:00:00-04:00,2654.84,2667.83,2653.28,2664.08,73085.353
2025-05-27 10:15:00-04:00,2664.09,2664.72,2648.37,2650.57,82799.97
2025-05-27 10:30:00-04:00,2650.58,2660.94,2632.42,2659.73,175141.008
2025-05-27 10:45:00-04:00,2659.73,2671.11,2652.62,2660.09,127506.35
2025-05-27 11:00:00-04:00,2660.1,2668.36,2652.35,2664.21,69698.91
2025-05-27 11:15:00-04:00,2664.21,2668.31,2655.57,2662.07,55081.777
2025-05-27 11:30:00-04:00,2662.06,2666.2,2658.57,2663.48,42137.039
2025-05-27 11:45:00-04:00,2663.48,2669.64,2661.37,2667.46,43671.115
2025-05-27 12:00:00-04:00,2667.47,2668.55,2657.2,2665.22,53152.857
2025-05-27 12:15:00-04:00,2665.22,2679.98,2661.7,2661.7,107511.613
2025-05-27 12:30:00-04:00,2661.7,2676.49,2660.84,2674.37,49383.771
2025-05-27 12:45:00-04:00,2674.38,2683.83,2666.89,2669.6,78692.894
2025-05-27 13:00:00-04:00,2669.6,2694.99,2669.22,2687.25,132514.837
2025-05-27 13:15:00-04:00,2687.25,2692.26,2670.32,2678.69,106415.43
2025-05-27 13:30:00-04:00,2678.69,2704.43,2675.28,2699.52,140188.889
2025-05-27 13:45:00-04:00,2699.53,2711.8,2693.93,2694.85,152459.212
2025-05-27 14:00:00-04:00,2694.85,2707.56,2694.12,2697.48,76897.192
2025-05-27 14:15:00-04:00,2697.48,2703.29,2682.66,2683.58,81418.63
2025-05-27 14:30:00-04:00,2683.58,2690.12,2673.98,2680.58,79057.811
2025-05-27 14:45:00-04:00,2680.58,2684.91,2678.0,2679.07,32218.975
2025-05-27 15:00:00-04:00,2679.06,2686.0,2673.24,2681.49,50781.517
2025-05-27 15:15:00-04:00,2681.48,2684.67,2676.17,2680.41,24413.794
2025-05-27 15:30:00-04:00,2680.42,2683.37,2670.43,2680.5,49829.675
2025-05-27 15:45:00-04:00,2680.51,2687.65,2679.99,2686.84,38710.865
2025-05-27 16:00:00-04:00,2686.84,2693.63,2683.36,2688.65,38124.986
2025-05-27 16:15:00-04:00,2688.65,2692.51,2679.12,2682.45,26019.639
2025-05-27 16:30:00-04:00,2682.45,2683.07,2662.01,2667.11,60863.56
2025-05-27 16:45:00-04:00,2667.11,2676.33,2663.05,2667.54,46643.488
2025-05-27 17:00:00-04:00,2667.54,2676.11,2667.54,2676.11,24936.857
2025-05-27 17:15:00-04:00,2676.11,2676.78,2656.01,2665.1,49810.609
2025-05-27 17:30:00-04:00,2665.09,2671.35,2658.0,2661.69,39704.199
2025-05-27 17:45:00-04:00,2661.69,2665.69,2658.0,2662.16,23539.98
2025-05-27 18:00:00-04:00,2662.17,2668.94,2656.02,2660.78,52155.533
2025-05-27 18:15:00-04:00,2660.78,2666.15,2651.0,2661.9,48853.054
2025-05-27 18:30:00-04:00,2661.91,2666.78,2658.31,2664.19,23395.863
2025-05-27 18:45:00-04:00,2664.19,2667.91,2657.21,2659.1,25654.23
2025-05-27 19:00:00-04:00,2659.1,2662.77,2655.02,2660.26,25546.782
2025-05-27 19:15:00-04:00,2660.25,2662.27,2651.34,2651.8,25230.299
2025-05-27 19:30:00-04:00,2651.8,2663.71,2651.36,2660.26,23733.581
2025-05-27 19:45:00-04:00,2660.27,2664.1,2658.9,2659.84,19473.723
2025-05-27 20:00:00-04:00,2659.83,2660.85,2645.67,2649.39,39211.684
2025-05-27 20:15:00-04:00,2649.4,2653.97,2640.0,2651.72,59214.663
2025-05-27 20:30:00-04:00,2651.71,2653.68,2643.03,2650.3,28982.013
2025-05-27 20:45:00-04:00,2650.29,2659.91,2643.01,2657.49,33640.25
2025-05-27 21:00:00-04:00,2657.5,2658.96,2647.99,2648.22,24574.708
2025-05-27 21:15:00-04:00,2648.21,2648.67,2636.61,2639.51,49366.363
2025-05-27 21:30:00-04:00,2639.52,2644.77,2636.0,2639.34,32707.524
2025-05-27 21:45:00-04:00,2639.33,2645.22,2630.05,2633.64,40881.058
2025-05-27 22:00:00-04:00,2633.64,2636.91,2625.67,2630.46,90630.997
2025-05-27 22:15:00-04:00,2630.46,2632.22,2617.0,2621.42,70079.096
2025-05-27 22:30:00-04:00,2621.43,2638.1,2619.16,2634.76,72891.576
2025-05-27 22:45:00-04:00,2634.76,2642.18,2633.61,2637.71,45217.707
2025-05-27 23:00:00-04:00,2637.71,2640.5,2632.63,2640.01,36877.458
2025-05-27 23:15:00-04:00,2640.01,2640.98,2632.44,2635.65,24492.94
2025-05-27 23:30:00-04:00,2635.64,2646.79,2634.38,2643.41,46501.92
2025-05-27 23:45:00-04:00,2643.41,2649.08,2642.39,2644.51,39503.359
2025-05-28 00:00:00-04:00,2644.51,2647.41,2640.29,2641.41,27713.622
2025-05-28 00:15:00-04:00,2641.42,2644.68,2633.07,2636.04,26829.674
2025-05-28 00:30:00-04:00,2636.05,2647.73,2635.42,2646.98,31571.442
2025-05-28 00:45:00-04:00,2646.99,2651.87,2645.16,2645.63,32124.183
2025-05-28 01:00:00-04:00,2645.63,2646.33,2636.01,2638.12,30478.542
2025-05-28 01:15:00-04:00,2638.11,2641.99,2636.54,2639.2,17200.203
2025-05-28 01:30:00-04:00,2639.21,2644.35,2633.92,2637.45,28656.531
2025-05-28 01:45:00-04:00,2637.46,2641.2,2636.17,2638.65,18277.718
2025-05-28 02:00:00-04:00,2638.64,2638.65,2623.28,2623.4,55946.651
2025-05-28 02:15:00-04:00,2623.4,2633.81,2622.36,2632.83,38111.378
2025-05-28 02:30:00-04:00,2632.83,2632.83,2623.69,2627.03,29063.575
2025-05-28 02:45:00-04:00,2627.04,2631.48,2625.66,2626.56,23543.374
2025-05-28 03:00:00-04:00,2626.57,2636.5,2623.54,2632.99,38361.454
2025-05-28 03:15:00-04:00,2633.0,2637.22,2631.84,2632.97,17250.92
2025-05-28 03:30:00-04:00,2632.98,2639.6,2632.46,2639.26,20478.637
2025-05-28 03:45:00-04:00,2639.26,2642.0,2633.96,2635.35,27468.228
2025-05-28 04:00:00-04:00,2635.36,2639.39,2627.41,2631.0,35258.499
2025-05-28 04:15:00-04:00,2631.0,2640.4,2629.0,2638.75,24811.558
2025-05-28 04:30:00-04:00,2638.74,2644.99,2632.43,2643.99,34694.328
2025-05-28 04:45:00-04:00,2643.98,2644.15,2639.24,2642.01,21259.626
2025-05-28 05:00:00-04:00,2642.01,2642.72,2635.01,2635.77,22081.962
2025-05-28 05:15:00-04:00,2635.77,2637.66,2629.48,2630.2,34240.537
2025-05-28 05:30:00-04:00,2630.2,2632.46,2620.53,2627.44,63488.734
2025-05-28 05:45:00-04:00,2627.45,2629.64,2623.31,2625.97,35431.077
2025-05-28 06:00:00-04:00,2625.97,2626.13,2606.0,2625.09,130335.985
2025-05-28 06:15:00-04:00,2625.1,2633.33,2618.0,2633.32,64504.888
2025-05-28 06:30:00-04:00,2633.32,2643.12,2632.98,2635.36,72092.684
2025-05-28 06:45:00-04:00,2635.35,2641.9,2634.28,2639.72,24188.231
2025-05-28 07:00:00-04:00,2639.72,2648.43,2639.2,2643.39,48849.219
2025-05-28 07:15:00-04:00,2643.39,2648.74,2640.75,2642.16,27913.57
2025-05-28 07:30:00-04:00,2642.16,2654.61,2642.06,2649.33,53256.861
2025-05-28 07:45:00-04:00,2649.33,2658.94,2648.0,2655.99,58082.061
2025-05-28 08:00:00-04:00,2655.99,2659.07,2652.0,2654.35,41490.855
2025-05-28 08:15:00-04:00,2654.35,2682.13,2654.13,2670.77,205406.26
2025-05-28 08:30:00-04:00,2670.77,2676.0,2666.2,2673.01,56445.518
2025-05-28 08:45:00-04:00,2673.01,2675.04,2663.59,2666.32,51101.765
2025-05-28 09:00:00-04:00,2666.33,2671.33,2658.89,2667.9,55978.363
2025-05-28 09:15:00-04:00,2667.9,2676.81,2661.27,2673.01,58484.404
2025-05-28 09:30:00-04:00,2673.01,2689.13,2665.25,2670.38,196087.563
2025-05-28 09:45:00-04:00,2670.39,2671.6,2653.35,2656.57,161559.902
2025-05-28 10:00:00-04:00,2656.57,2659.7,2632.23,2632.88,212663.078
2025-05-28 10:15:00-04:00,2632.9,2642.22,2619.15,2641.22,209795.829
2025-05-28 10:30:00-04:00,2641.21,2641.87,2631.56,2636.36,76937.781
2025-05-28 10:45:00-04:00,2636.36,2640.88,2626.06,2627.46,66868.942
2025-05-28 11:00:00-04:00,2627.46,2636.63,2612.0,2615.6,122748.271
2025-05-28 11:15:00-04:00,2615.61,2633.3,2615.08,2630.43,74811.101
2025-05-28 11:30:00-04:00,2630.42,2639.27,2626.0,2635.9,50338.059
2025-05-28 11:45:00-04:00,2635.9,2637.75,2624.31,2626.17,40999.377
2025-05-28 12:00:00-04:00,2626.2,2636.0,2625.61,2632.18,44868.285
2025-05-28 12:15:00-04:00,2632.18,2643.12,2631.91,2641.0,63382.241
2025-05-28 12:30:00-04:00,2641.0,2641.08,2632.4,2636.73,32152.739
2025-05-28 12:45:00-04:00,2636.72,2640.0,2634.4,2639.71,20694.55
2025-05-28 13:00:00-04:00,2639.7,2661.52,2639.7,2652.52,118824.896
2025-05-28 13:15:00-04:00,2652.52,2664.0,2645.6,2651.86,64195.356
2025-05-28 13:30:00-04:00,2651.86,2652.7,2642.29,2646.5,37367.989
2025-05-28 13:45:00-04:00,2646.5,2654.5,2645.43,2651.56,28735.53
2025-05-28 14:00:00-04:00,2651.56,2656.29,2647.47,2654.0,30764.661
2025-05-28 14:15:00-04:00,2654.0,2657.24,2644.2,2644.31,27536.253
2025-05-28 14:30:00-04:00,2644.31,2650.9,2640.01,2649.45,23243.359
2025-05-28 14:45:00-04:00,2649.45,2652.23,2631.0,2635.54,61994.261
2025-05-28 15:00:00-04:00,2635.54,2654.99,2634.05,2648.13,43164.744
2025-05-28 15:15:00-04:00,2648.13,2652.55,2637.72,2638.82,27995.399
2025-05-28 15:30:00-04:00,2638.81,2640.86,2618.13,2619.21,81066.328
2025-05-28 15:45:00-04:00,2619.22,2625.25,2615.23,2616.61,79156.025
2025-05-28 16:00:00-04:00,2616.61,2626.59,2614.6,2619.03,48572.743
2025-05-28 16:15:00-04:00,2619.03,2630.6,2610.01,2628.87,102694.983
2025-05-28 16:30:00-04:00,2628.86,2633.23,2622.0,2630.67,28496.515
2025-05-28 16:45:00-04:00,2630.67,2634.64,2625.0,2633.62,29450.903
2025-05-28 17:00:00-04:00,2633.62,2638.77,2630.01,2638.77,18312.467
2025-05-28 17:15:00-04:00,2638.77,2647.62,2637.64,2639.7,34401.247
2025-05-28 17:30:00-04:00,2639.7,2646.24,2639.38,2646.24,14401.137
2025-05-28 17:45:00-04:00,2646.24,2658.85,2644.36,2651.21,55429.887
2025-05-28 18:00:00-04:00,2651.21,2652.52,2641.5,2646.0,28162.15
2025-05-28 18:15:00-04:00,2646.01,2646.24,2638.01,2638.97,22290.686
2025-05-28 18:30:00-04:00,2638.96,2645.65,2637.02,2643.86,25739.346
2025-05-28 18:45:00-04:00,2643.87,2649.59,2638.29,2647.48,23290.208
2025-05-28 19:00:00-04:00,2647.47,2672.75,2647.38,2672.47,96151.694
2025-05-28 19:15:00-04:00,2672.46,2679.19,2664.0,2676.73,82543.391
2025-05-28 19:30:00-04:00,2676.73,2686.0,2672.99,2675.99,82534.869
2025-05-28 19:45:00-04:00,2675.99,2682.84,2670.08,2680.4,48462.229
2025-05-28 20:00:00-04:00,2680.4,2684.7,2669.43,2679.03,78919.32
2025-05-28 20:15:00-04:00,2679.03,2704.99,2676.0,2702.03,158559.672
2025-05-28 20:30:00-04:00,2702.02,2709.14,2694.85,2701.71,98405.046
2025-05-28 20:45:00-04:00,2701.7,2721.31,2701.49,2721.21,162968.828
2025-05-28 21:00:00-04:00,2721.21,2722.53,2704.13,2710.4,99990.162
2025-05-28 21:15:00-04:00,2710.41,2719.3,2705.6,2707.39,70947.729
2025-05-28 21:30:00-04:00,2707.4,2713.0,2697.0,2706.39,93895.923
2025-05-28 21:45:00-04:00,2706.4,2720.0,2706.25,2711.12,82005.561
2025-05-28 22:00:00-04:00,2711.11,2713.93,2705.01,2707.19,35203.55
2025-05-28 22:15:00-04:00,2707.19,2750.89,2707.19,2745.5,267737.346
2025-05-28 22:30:00-04:00,2745.51,2788.88,2745.51,2772.17,340628.56
2025-05-28 22:45:00-04:00,2772.18,2774.96,2765.4,2770.21,88432.69
2025-05-28 23:00:00-04:00,2770.2,2773.32,2753.01,2758.39,131333.036
2025-05-28 23:15:00-04:00,2758.38,2764.75,2754.28,2761.68,66852.24
2025-05-28 23:30:00-04:00,2761.69,2769.55,2746.44,2750.44,101370.573
2025-05-28 23:45:00-04:00,2750.43,2763.0,2749.49,2762.05,56870.599
2025-05-29 00:00:00-04:00,2762.04,2766.66,2753.17,2757.28,53996.885
2025-05-29 00:15:00-04:00,2757.29,2757.57,2738.41,2754.51,92892.032
2025-05-29 00:30:00-04:00,2754.52,2756.9,2715.85,2724.28,211055.366
2025-05-29 00:45:00-04:00,2724.27,2731.38,2700.01,2727.42,244443.29
2025-05-29 01:00:00-04:00,2727.42,2731.36,2718.35,2724.61,51912.864
2025-05-29 01:15:00-04:00,2724.61,2736.3,2722.09,2723.57,94900.482
2025-05-29 01:30:00-04:00,2723.56,2731.16,2720.26,2730.2,38189.401
2025-05-29 01:45:00-04:00,2730.2,2734.66,2715.2,2721.92,74804.499
2025-05-29 02:00:00-04:00,2721.91,2726.0,2715.06,2722.8,40644.206
2025-05-29 02:15:00-04:00,2722.79,2729.51,2721.84,2729.51,29281.667
2025-05-29 02:30:00-04:00,2729.5,2731.4,2720.11,2724.07,58752.865
2025-05-29 02:45:00-04:00,2724.11,2729.89,2724.1,2726.82,22093.635
2025-05-29 03:00:00-04:00,2726.83,2728.93,2715.1,2726.13,55186.792
2025-05-29 03:15:00-04:00,2726.12,2735.59,2723.91,2732.83,48518.371
2025-05-29 03:30:00-04:00,2732.84,2733.88,2725.24,2728.48,23042.357
2025-05-29 03:45:00-04:00,2728.48,2732.66,2725.44,2730.0,23981.32
2025-05-29 04:00:00-04:00,2730.0,2731.0,2710.0,2723.65,108646.057
2025-05-29 04:15:00-04:00,2723.66,2731.96,2719.16,2719.94,67618.504
2025-05-29 04:30:00-04:00,2719.93,2724.24,2717.21,2717.7,45848.388
2025-05-29 04:45:00-04:00,2717.69,2726.3,2713.86,2721.92,75975.901
2025-05-29 05:00:00-04:00,2721.92,2724.15,2715.23,2718.99,45332.305
2025-05-29 05:15:00-04:00,2718.99,2721.54,2716.4,2719.0,17004.535
2025-05-29 05:30:00-04:00,2718.99,2728.0,2718.49,2725.01,64928.72
2025-05-29 05:45:00-04:00,2725.01,2738.5,2723.88,2735.08,61271.753
2025-05-29 06:00:00-04:00,2735.08,2744.0,2725.84,2728.09,80923.34
2025-05-29 06:15:00-04:00,2728.09,2732.5,2723.37,2723.92,28314.724
2025-05-29 06:30:00-04:00,2723.93,2730.24,2723.62,2728.28,18420.819
2025-05-29 06:45:00-04:00,2728.29,2734.78,2727.55,2729.53,31340.059
2025-05-29 07:00:00-04:00,2729.53,2729.58,2722.01,2725.5,37547.198
2025-05-29 07:15:00-04:00,2725.51,2730.68,2723.69,2724.0,34471.333
2025-05-29 07:30:00-04:00,2724.01,2726.63,2713.0,2716.31,68207.392
2025-05-29 07:45:00-04:00,2716.31,2716.31,2705.82,2714.84,80789.208
2025-05-29 08:00:00-04:00,2714.84,2718.09,2705.78,2715.86,61180.657
2025-05-29 08:15:00-04:00,2715.86,2717.0,2701.01,2707.59,68778.096
2025-05-29 08:30:00-04:00,2707.58,2716.99,2674.79,2687.18,197249.061
2025-05-29 08:45:00-04:00,2687.17,2694.54,2681.0,2692.24,91734.224
2025-05-29 09:00:00-04:00,2692.24,2698.77,2691.62,2694.24,52390.368
2025-05-29 09:15:00-04:00,2694.23,2697.6,2678.01,2685.71,113010.874
2025-05-29 09:30:00-04:00,2685.71,2687.27,2655.8,2657.7,231576.544
2025-05-29 09:45:00-04:00,2657.7,2675.0,2652.5,2659.25,178587.198
2025-05-29 10:00:00-04:00,2659.25,2666.53,2641.03,2649.05,157560.053
2025-05-29 10:15:00-04:00,2649.06,2649.99,2620.26,2636.44,234688.922
2025-05-29 10:30:00-04:00,2636.44,2647.95,2629.0,2646.45,134572.64
2025-05-29 10:45:00-04:00,2646.45,2674.67,2644.78,2671.01,223469.659
2025-05-29 11:00:00-04:00,2671.0,2673.44,2660.15,2662.9,76448.058
2025-05-29 11:15:00-04:00,2662.91,2665.94,2655.56,2660.4,59561.158
2025-05-29 11:30:00-04:00,2660.4,2661.86,2642.54,2648.86,83615.973
2025-05-29 11:45:00-04:00,2648.86,2652.67,2638.01,2642.46,97019.777
2025-05-29 12:00:00-04:00,2642.46,2653.99,2639.75,2651.18,68139.519
2025-05-29 12:15:00-04:00,2651.17,2659.52,2641.06,2647.92,70201.563
2025-05-29 12:30:00-04:00,2647.92,2650.2,2640.35,2643.95,35292.843
2025-05-29 12:45:00-04:00,2643.94,2646.82,2629.63,2639.12,80624.705
2025-05-29 13:00:00-04:00,2639.12,2645.88,2637.45,2641.99,43968.741
2025-05-29 13:15:00-04:00,2641.98,2652.4,2638.25,2648.29,61563.314
2025-05-29 13:30:00-04:00,2648.3,2663.14,2647.14,2650.52,80431.388
2025-05-29 13:45:00-04:00,2650.53,2670.71,2649.33,2658.48,89980.702
2025-05-29 14:00:00-04:00,2658.48,2672.85,2656.68,2669.26,76080.154
2025-05-29 14:15:00-04:00,2669.26,2671.43,2653.73,2655.0,64768.71
2025-05-29 14:30:00-04:00,2654.99,2659.94,2644.44,2647.0,50112.347
2025-05-29 14:45:00-04:00,2647.01,2657.65,2645.78,2649.11,40915.639
2025-05-29 15:00:00-04:00,2649.11,2656.74,2627.34,2630.24,101186.474
2025-05-29 15:15:00-04:00,2630.24,2644.48,2629.63,2642.53,49551.715
2025-05-29 15:30:00-04:00,2642.53,2648.98,2638.29,2641.02,36259.752
2025-05-29 15:45:00-04:00,2641.02,2654.99,2640.49,2649.35,41197.941
2025-05-29 16:00:00-04:00,2649.35,2661.0,2648.38,2650.65,58766.698
2025-05-29 16:15:00-04:00,2650.66,2659.67,2650.66,2652.28,21559.186
2025-05-29 16:30:00-04:00,2652.28,2655.83,2642.24,2642.88,26372.718
2025-05-29 16:45:00-04:00,2642.88,2645.52,2639.43,2642.97,20144.737
2025-05-29 17:00:00-04:00,2642.97,2646.23,2642.74,2644.29,12225.529
2025-05-29 17:15:00-04:00,2644.29,2651.8,2643.47,2648.41,18094.205
2025-05-29 17:30:00-04:00,2648.41,2654.5,2648.2,2654.0,9753.808
2025-05-29 17:45:00-04:00,2653.99,2661.0,2648.75,2659.5,31277.516
2025-05-29 18:00:00-04:00,2659.49,2667.97,2656.68,2662.12,61216.504
2025-05-29 18:15:00-04:00,2662.12,2666.98,2657.85,2658.12,22869.41
2025-05-29 18:30:00-04:00,2658.12,2659.62,2655.42,2655.43,19415.787
2025-05-29 18:45:00-04:00,2655.43,2657.87,2642.97,2643.67,45909.374
2025-05-29 19:00:00-04:00,2643.68,2647.99,2642.31,2643.14,28997.854
2025-05-29 19:15:00-04:00,2643.14,2644.1,2627.0,2633.76,66341.128
2025-05-29 19:30:00-04:00,2633.76,2637.68,2627.0,2631.57,36413.992
2025-05-29 19:45:00-04:00,2631.57,2633.62,2617.11,2630.3,92823.637
2025-05-29 20:00:00-04:00,2630.3,2640.91,2629.78,2640.69,44194.499
2025-05-29 20:15:00-04:00,2640.68,2644.12,2633.33,2636.29,34058.274
2025-05-29 20:30:00-04:00,2636.28,2636.84,2620.01,2629.42,68489.341
2025-05-29 20:45:00-04:00,2629.42,2630.51,2556.0,2572.24,525848.345
2025-05-29 21:00:00-04:00,2572.24,2595.9,2566.55,2594.03,190308.364
2025-05-29 21:15:00-04:00,2594.03,2607.49,2587.2,2604.59,97762.547
2025-05-29 21:30:00-04:00,2604.58,2607.69,2595.56,2604.51,50965.339
2025-05-29 21:45:00-04:00,2604.51,2606.9,2594.0,2597.17,49136.602
2025-05-29 22:00:00-04:00,2597.17,2616.74,2596.59,2613.65,73024.772
2025-05-29 22:15:00-04:00,2613.66,2621.89,2611.11,2618.52,52439.565
2025-05-29 22:30:00-04:00,2618.53,2634.03,2617.8,2630.12,81190.399
2025-05-29 22:45:00-04:00,2630.11,2632.05,2624.57,2628.78,31877.456
2025-05-29 23:00:00-04:00,2628.77,2640.0,2624.94,2636.14,65759.03
2025-05-29 23:15:00-04:00,2636.16,2642.12,2631.92,2637.58,47539.946
2025-05-29 23:30:00-04:00,2637.59,2639.68,2631.14,2633.88,27266.55
2025-05-29 23:45:00-04:00,2633.89,2635.89,2628.11,2630.39,34109.85
2025-05-30 00:00:00-04:00,2630.39,2630.95,2620.91,2626.04,52368.498
2025-05-30 00:15:00-04:00,2626.05,2628.73,2621.19,2622.66,24883.092
2025-05-30 00:30:00-04:00,2622.66,2631.89,2620.36,2631.51,33284.549
2025-05-30 00:45:00-04:00,2631.5,2637.45,2631.5,2634.09,31961.407
2025-05-30 01:00:00-04:00,2634.1,2639.04,2631.75,2631.8,28099.522
2025-05-30 01:15:00-04:00,2631.81,2638.5,2629.1,2635.65,24753.749
2025-05-30 01:30:00-04:00,2635.65,2648.42,2634.88,2644.68,65840.883
2025-05-30 01:45:00-04:00,2644.69,2644.69,2635.27,2642.65,25700.755
2025-05-30 02:00:00-04:00,2642.64,2644.03,2635.36,2636.67,26084.821
2025-05-30 02:15:00-04:00,2636.68,2636.87,2624.76,2626.67,48002.683
2025-05-30 02:30:00-04:00,2626.67,2629.85,2611.49,2616.01,98872.536
2025-05-30 02:45:00-04:00,2616.01,2621.99,2605.83,2619.35,92363.434
2025-05-30 03:00:00-04:00,2619.35,2628.07,2614.2,2621.01,74774.265
2025-05-30 03:15:00-04:00,2621.01,2642.37,2621.01,2631.0,120601.76
2025-05-30 03:30:00-04:00,2631.0,2631.0,2619.0,2625.62,72854.882
2025-05-30 03:45:00-04:00,2625.62,2628.91,2613.91,2617.55,91939.993
2025-05-30 04:00:00-04:00,2617.55,2623.45,2606.28,2616.89,103531.82
2025-05-30 04:15:00-04:00,2616.89,2621.99,2609.27,2621.11,38880.019
2025-05-30 04:30:00-04:00,2621.12,2626.24,2610.46,2619.21,42748.949
2025-05-30 04:45:00-04:00,2619.23,2624.63,2616.19,2616.3,32257.329
2025-05-30 05:00:00-04:00,2616.3,2622.79,2609.33,2613.33,36635.511
2025-05-30 05:15:00-04:00,2613.32,2620.38,2611.61,2613.58,31750.399
2025-05-30 05:30:00-04:00,2613.58,2614.38,2586.55,2601.15,160631.324
2025-05-30 05:45:00-04:00,2601.15,2616.73,2596.5,2613.98,91256.531
2025-05-30 06:00:00-04:00,2613.98,2617.0,2602.6,2603.58,60254.122
2025-05-30 06:15:00-04:00,2603.57,2616.5,2601.67,2616.08,42692.067
2025-05-30 06:30:00-04:00,2616.08,2616.66,2609.01,2613.41,28479.823
2025-05-30 06:45:00-04:00,2613.41,2622.66,2611.77,2621.3,39128.968
2025-05-30 07:00:00-04:00,2621.3,2627.09,2618.6,2618.6,49845.068
2025-05-30 07:15:00-04:00,2618.6,2624.84,2613.8,2616.41,36762.749
2025-05-30 07:30:00-04:00,2616.42,2622.5,2614.26,2614.86,17153.797
2025-05-30 07:45:00-04:00,2614.85,2623.24,2614.62,2620.69,21602.995
2025-05-30 08:00:00-04:00,2620.7,2625.28,2587.59,2587.59,148031.537
2025-05-30 08:15:00-04:00,2587.58,2601.06,2575.0,2593.18,139390.743
2025-05-30 08:30:00-04:00,2593.18,2617.0,2591.94,2614.99,117685.379
2025-05-30 08:45:00-04:00,2614.98,2621.43,2608.49,2609.09,55826.228
2025-05-30 09:00:00-04:00,2609.1,2617.41,2602.0,2604.12,55610.533
2025-05-30 09:15:00-04:00,2604.12,2607.51,2587.78,2592.2,111917.451
2025-05-30 09:30:00-04:00,2592.21,2598.43,2582.0,2593.17,110604.339
2025-05-30 09:45:00-04:00,2593.18,2595.81,2571.17,2575.54,130066.111
2025-05-30 10:00:00-04:00,2575.54,2589.25,2575.53,2583.12,98430.996
2025-05-30 10:15:00-04:00,2583.12,2588.0,2577.14,2586.64,68007.205
2025-05-30 10:30:00-04:00,2586.65,2603.22,2584.51,2593.76,85190.527
2025-05-30 10:45:00-04:00,2593.76,2599.37,2586.77,2594.13,48758.204
2025-05-30 11:00:00-04:00,2594.13,2606.33,2593.56,2605.63,47778.986
2025-05-30 11:15:00-04:00,2605.63,2615.81,2596.9,2612.0,68622.466
2025-05-30 11:30:00-04:00,2612.0,2613.49,2596.1,2602.17,54880.888
2025-05-30 11:45:00-04:00,2602.16,2604.94,2596.01,2597.01,27755.016
2025-05-30 12:00:00-04:00,2597.01,2603.0,2590.6,2595.73,47768.157
2025-05-30 12:15:00-04:00,2595.73,2595.73,2568.0,2571.51,141787.121
2025-05-30 12:30:00-04:00,2571.5,2572.85,2530.0,2551.21,460475.181
2025-05-30 12:45:00-04:00,2551.22,2551.53,2536.97,2539.29,147694.453
2025-05-30 13:00:00-04:00,2539.29,2558.48,2538.33,2550.51,83579.656
2025-05-30 13:15:00-04:00,2550.51,2556.74,2544.0,2546.31,41379.663
2025-05-30 13:30:00-04:00,2546.3,2553.0,2541.5,2545.74,36088.066
2025-05-30 13:45:00-04:00,2545.75,2549.47,2537.62,2548.06,55248.167
2025-05-30 14:00:00-04:00,2548.06,2559.64,2546.4,2555.18,47446.314
2025-05-30 14:15:00-04:00,2555.18,2576.48,2555.18,2572.67,93352.878
2025-05-30 14:30:00-04:00,2572.67,2574.8,2566.36,2569.18,46905.858
2025-05-30 14:45:00-04:00,2569.18,2577.74,2568.9,2576.73,38809.783
2025-05-30 15:00:00-04:00,2576.73,2584.5,2572.97,2577.16,54249.811
2025-05-30 15:15:00-04:00,2577.18,2581.0,2576.79,2579.62,21779.429
2025-05-30 15:30:00-04:00,2579.62,2580.72,2572.16,2576.01,33555.277
2025-05-30 15:45:00-04:00,2576.01,2579.46,2571.31,2573.3,42263.377
2025-05-30 16:00:00-04:00,2573.3,2575.0,2564.5,2568.16,40139.931
2025-05-30 16:15:00-04:00,2568.15,2577.51,2567.82,2571.7,25367.649
2025-05-30 16:30:00-04:00,2571.7,2584.44,2568.06,2582.33,33071.006
2025-05-30 16:45:00-04:00,2582.34,2589.45,2574.17,2576.26,55554.358
2025-05-30 17:00:00-04:00,2576.26,2582.13,2575.13,2580.86,19709.706
2025-05-30 17:15:00-04:00,2580.85,2585.24,2580.0,2580.4,16225.301
2025-05-30 17:30:00-04:00,2580.41,2583.98,2567.52,2568.09,33767.425
2025-05-30 17:45:00-04:00,2568.08,2573.13,2561.36,2568.26,30402.831
2025-05-30 18:00:00-04:00,2568.26,2572.29,2558.65,2565.01,44538.881
2025-05-30 18:15:00-04:00,2565.02,2565.02,2545.01,2547.48,71694.461
2025-05-30 18:30:00-04:00,2547.48,2553.51,2520.15,2523.57,108377.793
2025-05-30 18:45:00-04:00,2523.57,2543.45,2523.57,2525.52,94349.925
2025-05-30 19:00:00-04:00,2525.52,2534.99,2510.0,2526.3,112513.594
2025-05-30 19:15:00-04:00,2526.3,2533.11,2503.37,2518.31,148262.263
2025-05-30 19:30:00-04:00,2518.35,2526.28,2507.28,2517.7,113927.918
2025-05-30 19:45:00-04:00,2517.71,2532.84,2517.71,2529.63,56035.321
2025-05-30 20:00:00-04:00,2529.62,2538.39,2522.24,2525.7,81725.742
2025-05-30 20:15:00-04:00,2525.7,2529.02,2501.31,2514.67,117082.061
2025-05-30 20:30:00-04:00,2514.66,2533.75,2514.66,2530.58,77077.822
2025-05-30 20:45:00-04:00,2530.58,2534.2,2515.75,2518.59,33839.483
2025-05-30 21:00:00-04:00,2518.58,2524.36,2508.0,2519.85,66730.853
2025-05-30 21:15:00-04:00,2519.86,2527.0,2501.0,2507.84,80477.962
2025-05-30 21:30:00-04:00,2507.85,2513.2,2474.0,2496.64,255621.655
2025-05-30 21:45:00-04:00,2496.64,2497.34,2483.21,2491.86,84639.039
2025-05-30 22:00:00-04:00,2491.86,2511.16,2484.3,2509.56,112629.125
2025-05-30 22:15:00-04:00,2509.57,2516.0,2501.95,2504.17,66039.928
2025-05-30 22:30:00-04:00,2504.17,2504.19,2490.92,2497.77,70017.484
2025-05-30 22:45:00-04:00,2497.76,2501.21,2484.1,2489.09,65945.167
2025-05-30 23:00:00-04:00,2489.09,2496.0,2483.81,2495.13,52243.054
2025-05-30 23:15:00-04:00,2495.13,2504.74,2485.82,2503.32,66359.696
2025-05-30 23:30:00-04:00,2503.31,2511.9,2498.94,2511.23,49980.328
2025-05-30 23:45:00-04:00,2511.22,2516.16,2509.0,2512.88,41758.087
2025-05-31 00:00:00-04:00,2512.88,2512.89,2503.4,2508.64,28050.595
2025-05-31 00:15:00-04:00,2508.64,2526.0,2503.47,2518.45,69416.056
2025-05-31 00:30:00-04:00,2518.46,2522.53,2516.69,2517.06,38610.229
2025-05-31 00:45:00-04:00,2517.07,2523.82,2517.06,2521.52,17785.432
2025-05-31 01:00:00-04:00,2521.52,2525.5,2516.83,2517.4,30117.759
2025-05-31 01:15:00-04:00,2517.41,2520.0,2512.74,2517.0,32244.931
2025-05-31 01:30:00-04:00,2516.99,2521.63,2514.67,2520.85,17342.097
2025-05-31 01:45:00-04:00,2520.85,2520.85,2510.68,2511.29,24491.685
2025-05-31 02:00:00-04:00,2511.28,2519.21,2511.22,2517.0,23691.68
2025-05-31 02:15:00-04:00,2517.0,2521.43,2515.6,2518.66,15302.557
2025-05-31 02:30:00-04:00,2518.66,2525.27,2515.53,2524.29,25854.058
2025-05-31 02:45:00-04:00,2524.29,2524.43,2519.29,2520.37,12828.706
2025-05-31 03:00:00-04:00,2520.37,2522.35,2515.96,2515.96,15503.091
2025-05-31 03:15:00-04:00,2515.96,2520.0,2513.44,2518.53,15688.517
2025-05-31 03:30:00-04:00,2518.52,2522.89,2518.03,2519.49,12726.262
2025-05-31 03:45:00-04:00,2519.48,2524.56,2517.49,2520.0,15267.667
2025-05-31 04:00:00-04:00,2520.0,2525.0,2518.51,2519.23,20928.754
2025-05-31 04:15:00-04:00,2519.22,2523.26,2515.93,2519.69,18878.932
2025-05-31 04:30:00-04:00,2519.68,2524.55,2514.5,2517.47,23825.198
2025-05-31 04:45:00-04:00,2517.47,2529.63,2516.92,2523.51,44457.098
2025-05-31 05:00:00-04:00,2523.51,2528.41,2522.13,2524.93,17944.847
2025-05-31 05:15:00-04:00,2524.92,2526.5,2516.24,2518.48,28033.672
2025-05-31 05:30:00-04:00,2518.47,2521.88,2517.05,2519.16,19086.305
2025-05-31 05:45:00-04:00,2519.17,2523.47,2517.69,2522.31,14985.364
2025-05-31 06:00:00-04:00,2522.3,2537.97,2519.23,2531.82,64777.741
2025-05-31 06:15:00-04:00,2531.81,2537.61,2520.2,2521.2,61772.636
2025-05-31 06:30:00-04:00,2521.21,2523.16,2512.08,2514.9,48882.424
2025-05-31 06:45:00-04:00,2514.9,2520.0,2506.27,2518.98,42625.705
2025-05-31 07:00:00-04:00,2518.98,2520.89,2508.53,2511.4,32316.123
2025-05-31 07:15:00-04:00,2511.4,2518.32,2510.69,2516.19,17475.453
2025-05-31 07:30:00-04:00,2516.19,2519.4,2511.76,2518.89,12851.728
2025-05-31 07:45:00-04:00,2518.89,2519.7,2516.75,2518.6,9098.923
2025-05-31 08:00:00-04:00,2518.6,2531.06,2515.34,2529.38,44001.153
2025-05-31 08:15:00-04:00,2529.39,2533.31,2523.82,2525.01,43075.081
2025-05-31 08:30:00-04:00,2525.02,2530.63,2524.44,2526.7,20667.279
2025-05-31 08:45:00-04:00,2526.71,2536.97,2526.71,2536.31,45855.563
2025-05-31 09:00:00-04:00,2536.3,2546.84,2534.04,2536.69,94875.307
2025-05-31 09:15:00-04:00,2536.7,2539.92,2528.61,2534.11,60074.79
2025-05-31 09:30:00-04:00,2534.11,2538.43,2530.0,2530.14,19610.807
2025-05-31 09:45:00-04:00,2530.15,2532.43,2525.0,2531.64,31870.763
2025-05-31 10:00:00-04:00,2531.65,2542.98,2530.0,2540.37,49013.362
2025-05-31 10:15:00-04:00,2540.39,2543.63,2535.04,2537.28,27810.04
2025-05-31 10:30:00-04:00,2537.28,2541.0,2535.3,2539.5,17473.393
2025-05-31 10:45:00-04:00,2539.49,2542.57,2537.17,2541.17,18341.379
2025-05-31 11:00:00-04:00,2541.18,2543.44,2532.35,2537.22,51008.37
2025-05-31 11:15:00-04:00,2537.22,2550.0,2536.11,2545.88,50550.206
2025-05-31 11:30:00-04:00,2545.88,2547.23,2535.5,2535.76,41027.783
2025-05-31 11:45:00-04:00,2535.75,2538.0,2531.04,2534.85,30601.911
2025-05-31 12:00:00-04:00,2534.85,2538.91,2531.56,2536.8,21989.451
2025-05-31 12:15:00-04:00,2536.8,2545.41,2536.79,2542.41,25340.016
2025-05-31 12:30:00-04:00,2542.41,2546.49,2535.0,2538.9,29842.544
2025-05-31 12:45:00-04:00,2538.91,2540.48,2535.27,2539.41,19698.181
2025-05-31 13:00:00-04:00,2539.41,2539.85,2534.02,2537.99,15505.237
2025-05-31 13:15:00-04:00,2538.0,2540.2,2533.3,2534.11,11980.734
2025-05-31 13:30:00-04:00,2534.11,2536.91,2531.48,2534.12,15173.976
2025-05-31 13:45:00-04:00,2534.12,2534.85,2521.05,2526.23,67898.898
2025-05-31 14:00:00-04:00,2526.22,2534.22,2524.62,2533.6,16559.69
2025-05-31 14:15:00-04:00,2533.6,2541.73,2532.8,2536.55,18552.554
2025-05-31 14:30:00-04:00,2536.54,2540.0,2535.15,2535.69,11377.253
2025-05-31 14:45:00-04:00,2535.71,2539.75,2534.26,2538.82,7841.918
2025-05-31 15:00:00-04:00,2538.82,2542.0,2536.44,2537.31,15256.161
2025-05-31 15:15:00-04:00,2537.3,2541.38,2537.01,2540.23,9483.628
2025-05-31 15:30:00-04:00,2540.23,2541.57,2536.48,2538.27,8632.886
2025-05-31 15:45:00-04:00,2538.27,2540.15,2535.16,2536.48,9479.094
2025-05-31 16:00:00-04:00,2536.47,2539.8,2530.44,2532.92,13271.564
2025-05-31 16:15:00-04:00,2532.92,2539.96,2531.22,2538.68,9142.188
2025-05-31 16:30:00-04:00,2538.67,2540.33,2537.34,2538.26,9907.924
2025-05-31 16:45:00-04:00,2538.26,2541.35,2537.75,2540.96,9527.918
2025-05-31 17:00:00-04:00,2540.95,2550.0,2539.71,2539.83,47905.549
2025-05-31 17:15:00-04:00,2539.84,2543.68,2537.75,2543.06,11728.485
2025-05-31 17:30:00-04:00,2543.07,2545.72,2539.32,2543.03,12169.858
2025-05-31 17:45:00-04:00,2543.03,2544.1,2538.72,2542.3,8901.787
2025-05-31 18:00:00-04:00,2542.31,2544.07,2535.05,2540.0,11740.982
2025-05-31 18:15:00-04:00,2540.0,2540.36,2535.05,2535.51,9951.483
2025-05-31 18:30:00-04:00,2535.52,2538.0,2533.36,2537.55,9830.105
2025-05-31 18:45:00-04:00,2537.55,2537.55,2529.15,2529.65,15392.881
2025-05-31 19:00:00-04:00,2529.65,2537.99,2523.32,2537.2,47567.805
2025-05-31 19:15:00-04:00,2537.2,2548.63,2532.84,2533.39,54858.002
2025-05-31 19:30:00-04:00,2533.39,2535.15,2527.75,2529.46,15214.06
2025-05-31 19:45:00-04:00,2529.46,2530.45,2525.55,2527.08,14219.625
2025-05-31 20:00:00-04:00,2527.08,2527.98,2517.0,2519.73,58287.921
2025-05-31 20:15:00-04:00,2519.72,2522.2,2514.28,2517.0,50261.678
2025-05-31 20:30:00-04:00,2516.99,2521.07,2514.91,2521.07,20093.759
2025-05-31 20:45:00-04:00,2521.06,2525.47,2520.01,2525.11,21623.665
2025-05-31 21:00:00-04:00,2525.1,2528.41,2517.33,2527.25,21077.43
2025-05-31 21:15:00-04:00,2527.25,2529.67,2517.36,2522.36,28261.063
2025-05-31 21:30:00-04:00,2522.37,2525.0,2515.5,2516.06,22630.258
2025-05-31 21:45:00-04:00,2516.06,2519.92,2488.52,2506.51,127466.165
2025-05-31 22:00:00-04:00,2506.51,2506.63,2492.5,2496.09,57251.194
2025-05-31 22:15:00-04:00,2496.1,2508.5,2495.92,2506.37,30560.428
2025-05-31 22:30:00-04:00,2506.37,2511.79,2506.37,2509.11,24647.559
2025-05-31 22:45:00-04:00,2509.11,2512.76,2504.71,2506.22,24015.01
2025-05-31 23:00:00-04:00,2506.23,2507.79,2499.51,2500.46,23630.954
2025-05-31 23:15:00-04:00,2500.45,2505.18,2491.03,2501.11,31582.714
2025-05-31 23:30:00-04:00,2501.11,2510.95,2501.11,2508.81,22823.145
2025-05-31 23:45:00-04:00,2508.81,2517.64,2508.81,2512.14,32969.611
2025-06-01 00:00:00-04:00,2512.13,2514.82,2510.28,2511.74,17195.962
2025-06-01 00:15:00-04:00,2511.75,2515.55,2511.68,2514.86,11200.107
2025-06-01 00:30:00-04:00,2514.86,2524.18,2514.86,2522.62,33682.954
2025-06-01 00:45:00-04:00,2522.62,2526.3,2520.57,2521.15,24379.339
2025-06-01 01:00:00-04:00,2521.15,2526.46,2520.27,2521.76,18227.377
2025-06-01 01:15:00-04:00,2521.76,2523.14,2516.53,2518.55,16128.584
2025-06-01 01:30:00-04:00,2518.55,2521.37,2515.74,2515.81,9337.751
2025-06-01 01:45:00-04:00,2515.81,2519.35,2514.38,2517.45,10745.221
2025-06-01 02:00:00-04:00,2517.46,2518.1,2514.34,2515.75,12863.12
2025-06-01 02:15:00-04:00,2515.74,2515.98,2507.67,2512.18,23405.064
2025-06-01 02:30:00-04:00,2512.17,2518.0,2512.17,2514.37,11941.642
2025-06-01 02:45:00-04:00,2514.38,2516.26,2510.0,2511.32,10410.626
2025-06-01 03:00:00-04:00,2511.32,2512.5,2506.2,2512.18,19084.96
2025-06-01 03:15:00-04:00,2512.18,2514.36,2509.58,2511.44,12212.319
2025-06-01 03:30:00-04:00,2511.43,2511.86,2504.58,2507.46,13509.782
2025-06-01 03:45:00-04:00,2507.47,2509.17,2504.6,2507.62,16665.008
2025-06-01 04:00:00-04:00,2507.62,2509.68,2502.2,2503.56,27512.782
2025-06-01 04:15:00-04:00,2503.56,2505.45,2497.54,2501.25,32224.795
2025-06-01 04:30:00-04:00,2501.24,2507.5,2500.01,2506.58,21219.196
2025-06-01 04:45:00-04:00,2506.58,2507.5,2500.0,2504.68,18953.25
2025-06-01 05:00:00-04:00,2504.69,2509.7,2495.98,2500.39,39921.388
2025-06-01 05:15:00-04:00,2500.38,2501.27,2490.59,2493.26,50983.496
2025-06-01 05:30:00-04:00,2493.27,2493.59,2481.0,2484.69,89151.761
2025-06-01 05:45:00-04:00,2484.69,2491.86,2476.01,2491.2,82992.791
2025-06-01 06:00:00-04:00,2491.2,2495.0,2485.5,2493.33,40461.008
2025-06-01 06:15:00-04:00,2493.32,2495.7,2491.0,2493.56,27088.228
2025-06-01 06:30:00-04:00,2493.56,2494.2,2486.25,2489.4,22383.712
2025-06-01 06:45:00-04:00,2489.4,2493.7,2486.1,2492.59,26209.318
2025-06-01 07:00:00-04:00,2492.59,2495.8,2490.0,2492.41,19973.445
2025-06-01 07:15:00-04:00,2492.41,2501.0,2492.41,2498.51,37022.825
2025-06-01 07:30:00-04:00,2498.5,2501.8,2496.5,2501.49,22833.722
2025-06-01 07:45:00-04:00,2501.48,2501.9,2494.56,2496.32,19700.844
2025-06-01 08:00:00-04:00,2496.32,2500.71,2491.82,2497.5,25104.228
2025-06-01 08:15:00-04:00,2497.49,2498.75,2488.41,2492.31,24469.464
2025-06-01 08:30:00-04:00,2492.31,2493.0,2465.0,2480.57,153225.479
2025-06-01 08:45:00-04:00,2480.57,2483.61,2475.9,2482.97,28103.677
2025-06-01 09:00:00-04:00,2482.98,2489.8,2479.51,2489.68,35449.166
2025-06-01 09:15:00-04:00,2489.67,2495.7,2486.57,2490.13,50919.512
2025-06-01 09:30:00-04:00,2490.12,2496.5,2489.59,2495.76,26218.55
2025-06-01 09:45:00-04:00,2495.76,2497.59,2491.81,2492.79,18666.004
2025-06-01 10:00:00-04:00,2492.78,2508.53,2492.78,2501.93,68610.009
2025-06-01 10:15:00-04:00,2501.93,2513.63,2501.92,2510.85,56045.514
2025-06-01 10:30:00-04:00,2510.84,2514.28,2508.0,2512.28,42657.294
2025-06-01 10:45:00-04:00,2512.27,2518.14,2507.37,2508.21,47011.506
2025-06-01 11:00:00-04:00,2508.21,2510.0,2502.38,2505.51,33226.562
2025-06-01 11:15:00-04:00,2505.52,2518.87,2504.0,2516.53,43479.843
2025-06-01 11:30:00-04:00,2516.52,2522.26,2514.3,2520.57,38540.009
2025-06-01 11:45:00-04:00,2520.57,2524.47,2516.58,2522.0,38675.144
2025-06-01 12:00:00-04:00,2522.0,2540.88,2519.78,2535.99,105273.061
2025-06-01 12:15:00-04:00,2535.98,2541.71,2527.95,2535.75,75113.444
2025-06-01 12:30:00-04:00,2535.76,2547.0,2531.0,2544.47,88951.193
2025-06-01 12:45:00-04:00,2544.46,2546.4,2536.0,2537.65,40493.125
2025-06-01 13:00:00-04:00,2537.64,2542.61,2532.67,2538.02,43146.175
2025-06-01 13:15:00-04:00,2538.02,2543.0,2536.39,2543.0,20995.761
2025-06-01 13:30:00-04:00,2542.99,2546.0,2538.6,2538.79,22656.469
2025-06-01 13:45:00-04:00,2538.79,2542.88,2536.39,2537.88,27333.125
2025-06-01 14:00:00-04:00,2537.88,2538.0,2523.01,2528.58,72105.433
2025-06-01 14:15:00-04:00,2528.57,2529.08,2511.27,2514.95,78214.853
2025-06-01 14:30:00-04:00,2514.94,2514.94,2491.56,2500.04,100604.689
2025-06-01 14:45:00-04:00,2500.05,2523.37,2498.54,2518.84,88023.553
2025-06-01 15:00:00-04:00,2518.84,2525.69,2510.56,2513.82,60514.402
2025-06-01 15:15:00-04:00,2513.82,2521.99,2512.73,2517.78,18724.025
2025-06-01 15:30:00-04:00,2517.78,2521.61,2516.08,2518.87,22338.343
2025-06-01 15:45:00-04:00,2518.87,2526.28,2518.87,2525.11,19892.46
2025-06-01 16:00:00-04:00,2525.1,2525.67,2518.19,2521.34,19944.442
2025-06-01 16:15:00-04:00,2521.33,2527.16,2521.33,2525.78,17945.075
2025-06-01 16:30:00-04:00,2525.78,2536.0,2525.04,2533.69,33749.58
2025-06-01 16:45:00-04:00,2533.69,2534.85,2522.74,2524.6,30737.067
2025-06-01 17:00:00-04:00,2524.6,2530.93,2523.31,2530.23,19646.438
2025-06-01 17:15:00-04:00,2530.24,2535.07,2529.86,2532.02,13756.54
2025-06-01 17:30:00-04:00,2532.02,2539.91,2530.32,2532.88,27325.037
2025-06-01 17:45:00-04:00,2532.89,2539.8,2532.4,2537.98,17336.852
2025-06-01 18:00:00-04:00,2537.97,2546.35,2537.8,2545.14,39972.515
2025-06-01 18:15:00-04:00,2545.14,2546.0,2533.71,2535.49,46315.189
2025-06-01 18:30:00-04:00,2535.5,2538.89,2533.82,2537.11,26986.531
2025-06-01 18:45:00-04:00,2537.11,2537.22,2531.0,2534.05,26520.777
2025-06-01 19:00:00-04:00,2534.06,2542.21,2533.06,2539.9,32517.633
2025-06-01 19:15:00-04:00,2539.89,2544.0,2536.09,2536.71,26773.657
2025-06-01 19:30:00-04:00,2536.71,2541.23,2533.67,2534.52,26201.816
2025-06-01 19:45:00-04:00,2534.51,2538.75,2531.89,2537.89,27555.577
2025-06-01 20:00:00-04:00,2537.89,2539.56,2533.53,2535.0,27293.799
2025-06-01 20:15:00-04:00,2535.0,2538.74,2527.33,2529.38,48183.913
2025-06-01 20:30:00-04:00,2529.38,2533.46,2525.17,2533.24,29590.856
2025-06-01 20:45:00-04:00,2533.24,2533.44,2528.9,2533.2,14329.399
2025-06-01 21:00:00-04:00,2533.21,2540.25,2532.96,2536.54,27319.343
2025-06-01 21:15:00-04:00,2536.53,2540.89,2528.24,2529.69,38666.805
2025-06-01 21:30:00-04:00,2529.7,2531.24,2525.18,2526.52,26871.639
2025-06-01 21:45:00-04:00,2526.53,2530.19,2523.66,2525.0,24800.534
2025-06-01 22:00:00-04:00,2525.0,2526.36,2514.1,2516.72,44134.929
2025-06-01 22:15:00-04:00,2516.72,2522.27,2512.24,2518.61,29567.662
2025-06-01 22:30:00-04:00,2518.61,2521.91,2513.64,2519.79,22872.839
2025-06-01 22:45:00-04:00,2519.79,2520.58,2506.32,2507.65,45083.214
2025-06-01 23:00:00-04:00,2507.65,2509.3,2492.0,2492.42,91203.733
2025-06-01 23:15:00-04:00,2492.42,2498.22,2484.05,2493.0,88491.12
2025-06-01 23:30:00-04:00,2493.01,2502.39,2488.82,2497.55,75063.578
2025-06-01 23:45:00-04:00,2497.56,2499.24,2492.5,2495.12,27839.004
2025-06-02 00:00:00-04:00,2495.11,2498.76,2491.79,2498.19,33046.121
2025-06-02 00:15:00-04:00,2498.18,2500.72,2495.19,2495.45,20685.546
2025-06-02 00:30:00-04:00,2495.44,2500.93,2494.8,2497.96,20463.48
2025-06-02 00:45:00-04:00,2497.97,2499.19,2486.32,2491.73,52372.765
2025-06-02 01:00:00-04:00,2491.73,2496.36,2485.66,2494.56,28325.932
2025-06-02 01:15:00-04:00,2494.57,2496.6,2488.12,2493.68,21775.597
2025-06-02 01:30:00-04:00,2493.67,2493.94,2485.43,2485.5,25713.329
2025-06-02 01:45:00-04:00,2485.5,2492.4,2482.0,2491.89,37640.287
2025-06-02 02:00:00-04:00,2491.89,2499.98,2486.08,2488.31,53472.22
2025-06-02 02:15:00-04:00,2488.3,2494.27,2483.3,2493.46,47834.213
2025-06-02 02:30:00-04:00,2493.47,2498.62,2487.16,2498.13,31821.623
2025-06-02 02:45:00-04:00,2498.12,2498.96,2492.38,2493.66,31039.436
2025-06-02 03:00:00-04:00,2493.66,2506.6,2493.38,2504.57,53680.286
2025-06-02 03:15:00-04:00,2504.57,2512.74,2500.04,2501.66,64020.486
2025-06-02 03:30:00-04:00,2501.66,2506.95,2498.88,2506.35,35379.144
2025-06-02 03:45:00-04:00,2506.34,2508.0,2502.06,2505.78,22300.476
2025-06-02 04:00:00-04:00,2505.79,2510.97,2502.23,2507.03,27989.333
2025-06-02 04:15:00-04:00,2507.03,2514.17,2502.25,2511.99,38705.616
2025-06-02 04:30:00-04:00,2511.99,2515.0,2496.64,2498.75,53257.55
2025-06-02 04:45:00-04:00,2498.75,2501.81,2488.46,2493.3,69291.462
2025-06-02 05:00:00-04:00,2493.3,2493.81,2476.5,2481.43,123772.26
2025-06-02 05:15:00-04:00,2481.42,2487.01,2476.3,2482.56,59443.181
2025-06-02 05:30:00-04:00,2482.56,2488.74,2476.95,2479.22,60481.05
2025-06-02 05:45:00-04:00,2479.21,2482.34,2472.74,2480.4,60076.753
2025-06-02 06:00:00-04:00,2480.4,2488.88,2475.12,2488.11,55955.474
2025-06-02 06:15:00-04:00,2488.1,2488.11,2476.5,2481.49,61120.269
2025-06-02 06:30:00-04:00,2481.48,2484.5,2476.0,2480.45,27124.603
2025-06-02 06:45:00-04:00,2480.44,2483.84,2479.6,2480.93,13889.927
2025-06-02 07:00:00-04:00,2480.93,2487.58,2476.75,2485.55,29574.923
2025-06-02 07:15:00-04:00,2485.55,2487.12,2481.44,2481.88,21742.002
2025-06-02 07:30:00-04:00,2481.87,2485.37,2475.66,2477.19,26779.837
2025-06-02 07:45:00-04:00,2477.19,2482.32,2474.22,2480.03,34593.054
2025-06-02 08:00:00-04:00,2480.02,2484.67,2477.77,2483.8,32128.015
2025-06-02 08:15:00-04:00,2483.8,2483.8,2477.0,2483.09,29368.199
2025-06-02 08:30:00-04:00,2483.09,2496.5,2481.6,2492.68,70356.162
2025-06-02 08:45:00-04:00,2492.68,2497.42,2489.0,2496.96,46083.253
2025-06-02 09:00:00-04:00,2496.96,2498.36,2487.55,2491.99,44198.419
2025-06-02 09:15:00-04:00,2491.99,2501.95,2486.61,2499.14,62766.572
2025-06-02 09:30:00-04:00,2499.14,2519.34,2498.77,2510.99,154560.666
2025-06-02 09:45:00-04:00,2511.0,2512.55,2495.18,2503.76,96433.531
2025-06-02 10:00:00-04:00,2503.76,2515.64,2494.51,2513.8,103335.271
2025-06-02 10:15:00-04:00,2513.8,2540.0,2508.5,2530.23,225582.694
2025-06-02 10:30:00-04:00,2530.23,2536.71,2520.96,2524.0,110772.783
2025-06-02 10:45:00-04:00,2524.0,2531.47,2515.77,2530.36,91868.254
2025-06-02 11:00:00-04:00,2530.36,2537.0,2522.0,2534.67,63224.252
2025-06-02 11:15:00-04:00,2534.68,2556.34,2530.6,2538.58,189918.706
2025-06-02 11:30:00-04:00,2538.58,2542.19,2532.57,2539.44,76808.106
2025-06-02 11:45:00-04:00,2539.44,2546.66,2537.08,2543.24,61237.378
2025-06-02 12:00:00-04:00,2543.25,2544.94,2535.75,2536.37,48120.681
2025-06-02 12:15:00-04:00,2536.37,2541.05,2528.24,2533.34,60234.98
2025-06-02 12:30:00-04:00,2533.33,2540.73,2531.11,2537.06,38105.459
2025-06-02 12:45:00-04:00,2537.06,2553.84,2535.0,2545.19,69095.507
2025-06-02 13:00:00-04:00,2545.19,2551.44,2538.11,2538.81,68501.058
2025-06-02 13:15:00-04:00,2538.81,2551.9,2537.49,2543.01,59518.997
2025-06-02 13:30:00-04:00,2543.01,2546.72,2537.37,2540.8,36942.793
2025-06-02 13:45:00-04:00,2540.81,2551.77,2539.28,2548.89,37885.702
2025-06-02 14:00:00-04:00,2548.89,2552.0,2543.31,2550.45,36012.802
2025-06-02 14:15:00-04:00,2550.43,2565.4,2545.75,2555.69,106974.333
2025-06-02 14:30:00-04:00,2555.68,2556.57,2543.48,2544.63,61921.298
2025-06-02 14:45:00-04:00,2544.62,2544.66,2536.68,2543.38,50165.567
2025-06-02 15:00:00-04:00,2543.38,2548.0,2533.13,2533.31,42919.861
2025-06-02 15:15:00-04:00,2533.32,2541.66,2533.0,2537.07,24853.981
2025-06-02 15:30:00-04:00,2537.07,2537.66,2522.88,2527.99,58174.369
2025-06-02 15:45:00-04:00,2528.0,2533.46,2524.65,2531.21,37873.432
2025-06-02 16:00:00-04:00,2531.22,2545.55,2530.7,2544.88,66999.724
2025-06-02 16:15:00-04:00,2544.88,2546.9,2539.11,2541.13,26921.105
2025-06-02 16:30:00-04:00,2541.14,2542.55,2537.01,2539.8,23061.142
2025-06-02 16:45:00-04:00,2539.8,2540.66,2534.26,2538.72,17896.287
2025-06-02 17:00:00-04:00,2538.71,2546.9,2538.35,2545.1,25024.219
2025-06-02 17:15:00-04:00,2545.1,2545.59,2539.17,2545.29,14265.843
2025-06-02 17:30:00-04:00,2545.29,2553.29,2542.69,2550.16,37081.446
2025-06-02 17:45:00-04:00,2550.17,2560.12,2548.88,2559.19,38123.423
2025-06-02 18:00:00-04:00,2559.18,2573.46,2558.65,2573.4,50609.667
